country,iso2,iso3,cases,project,wikidata_id,page_title,page_id,date,pct_pageviews,pageviews,pageviews_ceil
United States,US,USA,25,en.wikipedia,Q382370,Monkeypox,242702,2022-06-06,6.931068158524329e-6,19503,2813852000
United States,US,USA,25,en.wikipedia,Q6900886,Monkeypox virus,39680623,2022-06-06,9.520756599849602e-7,2679,2813852000
United States,US,USA,25,en.wikipedia,Q6473911,Herpes simplex,21323216,2022-06-06,2.4948007215731316e-7,702,2813852000
United States,US,USA,25,en.wikipedia,Q186235,Myocarditis,452461,2022-06-06,2.775554648929653e-7,781,2813852000
United States,US,USA,25,en.wikipedia,Q655331,Herpes simplex virus,4774419,2022-06-06,3.056308576286173e-7,860,2813852000
United States,US,USA,25,en.wikipedia,Q182155,Shingles,443800,2022-06-06,5.220601509958591e-7,1469,2813852000
United States,US,USA,25,en.wikipedia,Q40878,Diarrhea,53951,2022-06-06,2.3952930004847445e-7,674,2813852000
United States,US,USA,25,en.wikipedia,Q12214,Smallpox,16829895,2022-06-06,7.161002071182137e-7,2015,2813852000
United States,US,USA,25,en.wikipedia,Q167844,Conjunctivitis,44410,2022-06-06,2.0328005879484778e-7,572,2813852000
United States,US,USA,25,en.wikipedia,Q199615,Encephalitis,37636,2022-06-06,2.0185851992215655e-7,568,2813852000
United States,US,USA,25,en.wikipedia,Q382370,Monkeypox,242702,2022-06-06,1.0248754082266549e-5,27205,2654469000
United States,US,USA,25,en.wikipedia,Q6900886,Monkeypox virus,39680623,2022-06-06,1.5261055977673877e-6,4051,2654469000
United States,US,USA,25,en.wikipedia,Q6473911,Herpes simplex,21323216,2022-06-06,8.792718995776556e-7,2334,2654469000
United States,US,USA,25,en.wikipedia,Q186235,Myocarditis,452461,2022-06-06,9.74206140663161e-7,2586,2654469000
United States,US,USA,25,en.wikipedia,Q655331,Herpes simplex virus,4774419,2022-06-06,8.393392426131177e-7,2228,2654469000
United States,US,USA,25,en.wikipedia,Q40878,Diarrhea,53951,2022-06-06,7.504325723901843e-7,1992,2654469000
United States,US,USA,25,en.wikipedia,Q12214,Smallpox,16829895,2022-06-06,1.2989415208842143e-6,3448,2654469000
United States,US,USA,25,en.wikipedia,Q167844,Conjunctivitis,44410,2022-06-06,8.44613367117868e-7,2242,2654469000
United States,US,USA,25,en.wikipedia,Q182155,Shingles,443800,2022-06-06,1.1527729274668494e-6,3060,2654469000
United States,US,USA,25,en.wikipedia,Q199615,Encephalitis,37636,2022-06-06,6.652931339563581e-7,1766,2654469000
United States,US,USA,25,en.wikipedia,Q101971,Wart,34049,2022-06-06,5.326865749797794e-7,1414,2654469000
United States,US,USA,25,en.wikipedia,Q38933,Fever,46253,2022-06-06,1.7065560004656298e-7,453,2654469000
United States,US,USA,24,en.wikipedia,Q182155,Shingles,443800,2022-06-13,6.087846571197478e-7,1616,2654469000
United States,US,USA,24,en.wikipedia,Q740335,Orthopoxvirus,2591633,2022-06-13,1.1071894228186505e-6,2939,2654469000
United States,US,USA,24,en.wikipedia,Q12214,Smallpox,16829895,2022-06-13,1.8406694521578515e-6,4886,2654469000
United States,US,USA,24,en.wikipedia,Q167844,Conjunctivitis,44410,2022-06-13,4.554583233030787e-7,1209,2654469000
United States,US,USA,24,en.wikipedia,Q199615,Encephalitis,37636,2022-06-13,4.268273617058628e-7,1133,2654469000
United States,US,USA,24,en.wikipedia,Q101971,Wart,34049,2022-06-13,3.7220250076380627e-7,988,2654469000
United States,US,USA,24,en.wikipedia,Q38933,Fever,46253,2022-06-13,4.087446491181476e-7,1085,2654469000
United States,US,USA,24,en.wikipedia,Q40878,Diarrhea,53951,2022-06-13,8.596822942742974e-7,2282,2654469000
United States,US,USA,24,en.wikipedia,Q6900886,Monkeypox virus,39680623,2022-06-13,7.545765273582023e-7,2003,2654469000
United States,US,USA,24,en.wikipedia,Q6473911,Herpes simplex,21323216,2022-06-13,8.325582253927244e-7,2210,2654469000
United States,US,USA,24,en.wikipedia,Q186235,Myocarditis,452461,2022-06-13,1.2785984692230348e-6,3394,2654469000
United States,US,USA,24,en.wikipedia,Q655331,Herpes simplex virus,4774419,2022-06-13,7.108766386045571e-7,1887,2654469000
United States,US,USA,24,en.wikipedia,Q182155,Herpes zoster,443800,2022-06-13,3.3490690605164345e-6,8890,2654469000
United States,US,USA,64,en.wikipedia,Q182155,Herpes zoster,443800,2022-06-20,9.489656876761416e-7,2519,2654469000
United States,US,USA,64,en.wikipedia,Q12214,Smallpox,16829895,2022-06-20,1.0005767631869123e-6,2656,2654469000
United States,US,USA,64,en.wikipedia,Q167844,Conjunctivitis,44410,2022-06-20,6.829991233651626e-7,1813,2654469000
United States,US,USA,64,en.wikipedia,Q199615,Encephalitis,37636,2022-06-20,8.608124638110296e-7,2285,2654469000
United States,US,USA,64,en.wikipedia,Q101971,Wart,34049,2022-06-20,7.715290704091855e-7,2048,2654469000
United States,US,USA,64,en.wikipedia,Q38933,Fever,46253,2022-06-20,7.786868108084894e-7,2067,2654469000
United States,US,USA,64,en.wikipedia,Q6473911,Herpes simplex,21323216,2022-06-20,1.5634011924795505e-6,4150,2654469000
United States,US,USA,64,en.wikipedia,Q86,Headache,69893,2022-06-20,1.8610125038190313e-7,494,2654469000
United States,US,USA,64,en.wikipedia,Q186235,Myocarditis,452461,2022-06-20,2.417055915891276e-6,6416,2654469000
United States,US,USA,64,en.wikipedia,Q655331,Herpes simplex virus,4774419,2022-06-20,1.5151806255789765e-6,4022,2654469000
United States,US,USA,64,en.wikipedia,Q40878,Diarrhea,53951,2022-06-20,1.3362371155963771e-6,3547,2654469000
United States,US,USA,64,en.wikipedia,Q382370,Monkeypox,242702,2022-06-20,1.2083019240382915e-5,32074,2654469000
United States,US,USA,64,en.wikipedia,Q6900886,Monkeypox virus,39680623,2022-06-20,1.2808588082964992e-6,3400,2654469000
United States,US,USA,64,en.wikipedia,Q9690,Fatigue,235562,2022-06-20,1.913753748866534e-7,508,2654469000
United States,US,USA,64,en.wikipedia,Q1292082,Sore throat,310094,2022-06-20,3.616542517543057e-7,960,2654469000
United States,US,USA,86,en.wikipedia,Q382370,Monkeypox,242702,2022-06-27,7.306169331794796e-6,19394,2654469000
United States,US,USA,86,en.wikipedia,Q6900886,Monkeypox virus,39680623,2022-06-27,1.283872593727785e-6,3408,2654469000
United States,US,USA,86,en.wikipedia,Q6473911,Herpes simplex,21323216,2022-06-27,1.6515544163446626e-6,4384,2654469000
United States,US,USA,86,en.wikipedia,Q186235,Myocarditis,452461,2022-06-27,2.505585862935299e-6,6651,2654469000
United States,US,USA,86,en.wikipedia,Q655331,Herpes simplex virus,4774419,2022-06-27,1.2522278466992834e-6,3324,2654469000
United States,US,USA,86,en.wikipedia,Q40878,Diarrhea,53951,2022-06-27,1.2834958705488743e-6,3407,2654469000
United States,US,USA,86,en.wikipedia,Q167844,Conjunctivitis,44410,2022-06-27,8.536547234117256e-7,2266,2654469000
United States,US,USA,86,en.wikipedia,Q199615,Encephalitis,37636,2022-06-27,1.0073577804073056e-6,2674,2654469000
United States,US,USA,86,en.wikipedia,Q101971,Wart,34049,2022-06-27,3.9066193653043227e-7,1037,2654469000
United States,US,USA,86,en.wikipedia,Q1292082,Sore throat,310094,2022-06-27,1.7366938547784888e-7,461,2654469000
United States,US,USA,86,en.wikipedia,Q38933,Fever,46253,2022-06-27,1.804504026982421e-7,479,2654469000
United States,US,USA,86,en.wikipedia,Q182155,Herpes zoster,443800,2022-06-27,5.60187367040263e-7,1487,2654469000
United States,US,USA,86,en.wikipedia,Q12214,Smallpox,16829895,2022-06-27,5.74502847838871e-7,1525,2654469000
United States,US,USA,197,en.wikipedia,Q382370,Monkeypox,242702,2022-07-04,1.026532990213862e-5,27249,2654469000
United States,US,USA,197,en.wikipedia,Q6900886,Monkeypox virus,39680623,2022-07-04,1.0563317936657012e-6,2804,2654469000
United States,US,USA,197,en.wikipedia,Q6473911,Herpes simplex,21323216,2022-07-04,1.217192591060585e-6,3231,2654469000
United States,US,USA,197,en.wikipedia,Q186235,Myocarditis,452461,2022-07-04,1.5396676322081742e-6,4087,2654469000
United States,US,USA,197,en.wikipedia,Q655331,Herpes simplex virus,4774419,2022-07-04,1.0518111155187723e-6,2792,2654469000
United States,US,USA,197,en.wikipedia,Q40878,Diarrhea,53951,2022-07-04,6.49847483621018e-7,1725,2654469000
United States,US,USA,197,en.wikipedia,Q167844,Conjunctivitis,44410,2022-07-04,2.0908136429545797e-7,555,2654469000
United States,US,USA,197,en.wikipedia,Q199615,Encephalitis,37636,2022-07-04,2.105882570111009e-7,559,2654469000
United States,US,USA,197,en.wikipedia,Q101971,Wart,34049,2022-07-04,2.113417033689224e-7,561,2654469000
United States,US,USA,197,en.wikipedia,Q38933,Fever,46253,2022-07-04,1.8384091130843874e-7,488,2654469000
United States,US,USA,197,en.wikipedia,Q182155,Herpes zoster,443800,2022-07-04,6.615259021672508e-7,1756,2654469000
United States,US,USA,197,en.wikipedia,Q113480445,ACAM2000,16057614,2022-07-04,1.6952543050983077e-7,450,2654469000
United States,US,USA,197,en.wikipedia,Q12214,Smallpox,16829895,2022-07-04,1.039379250614718e-6,2759,2654469000
United States,US,USA,197,en.wikipedia,Q382370,Monkeypox,242702,2022-07-04,7.628947372191757e-6,21297,2791604000
United States,US,USA,197,en.wikipedia,Q6900886,Monkeypox virus,39680623,2022-07-04,6.505220654505439e-7,1816,2791604000
United States,US,USA,197,en.wikipedia,Q6473911,Herpes simplex,21323216,2022-07-04,7.329119746210423e-7,2046,2791604000
United States,US,USA,197,en.wikipedia,Q186235,Myocarditis,452461,2022-07-04,1.1631305872896012e-6,3247,2791604000
United States,US,USA,197,en.wikipedia,Q655331,Herpes simplex virus,4774419,2022-07-04,5.831772701285712e-7,1628,2791604000
United States,US,USA,197,en.wikipedia,Q40878,Diarrhea,53951,2022-07-04,1.859146211282116e-7,519,2791604000
United States,US,USA,197,en.wikipedia,Q12214,Smallpox,16829895,2022-07-04,1.221519957701737e-6,3410,2791604000
United States,US,USA,197,en.wikipedia,Q167844,Conjunctivitis,44410,2022-07-04,2.611401903708406e-7,729,2791604000
United States,US,USA,197,en.wikipedia,Q199615,Encephalitis,37636,2022-07-04,1.7373524325083358e-7,485,2791604000
United States,US,USA,197,en.wikipedia,Q101971,Wart,34049,2022-07-04,2.285424436990347e-7,638,2791604000
United States,US,USA,303,en.wikipedia,Q382370,Monkeypox,242702,2022-07-11,1.8468235466061806e-5,51556,2791604000
United States,US,USA,303,en.wikipedia,Q6473911,Herpes simplex,21323216,2022-07-11,2.0350307565113103e-6,5681,2791604000
United States,US,USA,303,en.wikipedia,Q182155,Shingles,443800,2022-07-11,5.641917693197173e-7,1575,2791604000
United States,US,USA,303,en.wikipedia,Q12214,Smallpox,16829895,2022-07-11,4.4662495110338e-6,12468,2791604000
United States,US,USA,303,en.wikipedia,Q167844,Conjunctivitis,44410,2022-07-11,4.001283849715075e-7,1117,2791604000
United States,US,USA,303,en.wikipedia,Q199615,Encephalitis,37636,2022-07-11,4.359500846108546e-7,1217,2791604000
United States,US,USA,303,en.wikipedia,Q101971,Wart,34049,2022-07-11,1.6907842229771844e-7,472,2791604000
United States,US,USA,303,en.wikipedia,Q186235,Myocarditis,452461,2022-07-11,2.132823996526728e-6,5954,2791604000
United States,US,USA,303,en.wikipedia,Q655331,Herpes simplex virus,4774419,2022-07-11,1.08145711211189e-6,3019,2791604000
United States,US,USA,303,en.wikipedia,Q40878,Diarrhea,53951,2022-07-11,1.7029636008545624e-6,4754,2791604000
United States,US,USA,303,en.wikipedia,Q6900886,Monkeypox virus,39680623,2022-07-11,8.647358292938397e-7,2414,2791604000
United States,US,USA,767,en.wikipedia,Q382370,Monkeypox,242702,2022-07-18,1.027724562652869e-5,28690,2791604000
United States,US,USA,767,en.wikipedia,Q6900886,Monkeypox virus,39680623,2022-07-18,1.0965022259604156e-6,3061,2791604000
United States,US,USA,767,en.wikipedia,Q6473911,Herpes simplex,21323216,2022-07-18,1.4346590705558524e-6,4005,2791604000
United States,US,USA,767,en.wikipedia,Q186235,Myocarditis,452461,2022-07-18,2.041836879442786e-6,5700,2791604000
United States,US,USA,767,en.wikipedia,Q655331,Herpes simplex virus,4774419,2022-07-18,1.1638470212823885e-6,3249,2791604000
United States,US,USA,767,en.wikipedia,Q40878,Diarrhea,53951,2022-07-18,9.231251997059756e-7,2577,2791604000
United States,US,USA,767,en.wikipedia,Q12214,Smallpox,16829895,2022-07-18,3.235774128422226e-6,9033,2791604000
United States,US,USA,767,en.wikipedia,Q167844,Conjunctivitis,44410,2022-07-18,4.244871407262635e-7,1185,2791604000
United States,US,USA,767,en.wikipedia,Q199615,Encephalitis,37636,2022-07-18,3.7218745925281667e-7,1039,2791604000
United States,US,USA,767,en.wikipedia,Q101971,Wart,34049,2022-07-18,6.168496677895576e-7,1722,2791604000
United States,US,USA,767,en.wikipedia,Q38933,Fever,46253,2022-07-18,3.506944394692084e-7,979,2791604000
United States,US,USA,767,en.wikipedia,Q182155,Herpes zoster,443800,2022-07-18,1.1688620592318967e-6,3263,2791604000
United States,US,USA,767,en.wikipedia,Q182155,Shingles,443800,2022-07-18,4.678313972898735e-7,1306,2791604000
United States,US,USA,1116,en.wikipedia,Q382370,Monkeypox,242702,2022-07-25,1.7433346563481066e-5,48667,2791604000
United States,US,USA,1116,en.wikipedia,Q6900886,Monkeypox virus,39680623,2022-07-25,3.898833788746542e-6,10884,2791604000
United States,US,USA,1116,en.wikipedia,Q6473911,Herpes simplex,21323216,2022-07-25,2.062971682230001e-6,5759,2791604000
United States,US,USA,1116,en.wikipedia,Q186235,Myocarditis,452461,2022-07-25,2.547639278350368e-6,7112,2791604000
United States,US,USA,1116,en.wikipedia,Q655331,Herpes simplex virus,4774419,2022-07-25,1.3852251250535535e-6,3867,2791604000
United States,US,USA,1116,en.wikipedia,Q40878,Diarrhea,53951,2022-07-25,8.471831964705596e-7,2365,2791604000
United States,US,USA,1116,en.wikipedia,Q12214,Smallpox,16829895,2022-07-25,6.560386071950033e-6,18314,2791604000
United States,US,USA,1116,en.wikipedia,Q167844,Conjunctivitis,44410,2022-07-25,1.1050994338738589e-6,3085,2791604000
United States,US,USA,1116,en.wikipedia,Q199615,Encephalitis,37636,2022-07-25,9.005575289331868e-7,2514,2791604000
United States,US,USA,1116,en.wikipedia,Q101971,Wart,34049,2022-07-25,7.694501082531763e-7,2148,2791604000
United States,US,USA,1116,en.wikipedia,Q38933,Fever,46253,2022-07-25,1.669291203193576e-7,466,2791604000
United States,US,USA,1116,en.wikipedia,Q740335,Orthopoxvirus,2591633,2022-07-25,1.2809839791030531e-6,3576,2791604000
United States,US,USA,1116,en.wikipedia,Q182155,Herpes zoster,443800,2022-07-25,1.0986515279387763e-6,3067,2791604000
United States,US,USA,1116,en.wikipedia,Q7692792,Tecovirimat,24383686,2022-07-25,5.627589013341434e-7,1571,2791604000
United States,US,USA,2315,en.wikipedia,Q6900886,Monkeypox virus,39680623,2022-08-01,5.588901577730939e-6,15602,2791604000
United States,US,USA,2315,en.wikipedia,Q7692792,Tecovirimat,24383686,2022-08-01,1.3443883874646976e-6,3753,2791604000
United States,US,USA,2315,en.wikipedia,Q6473911,Herpes simplex,21323216,2022-08-01,1.805771878819489e-6,5041,2791604000
United States,US,USA,2315,en.wikipedia,Q186235,Myocarditis,452461,2022-08-01,2.076583928092953e-6,5797,2791604000
United States,US,USA,2315,en.wikipedia,Q40878,Diarrhea,53951,2022-08-01,9.764995321686026e-7,2726,2791604000
United States,US,USA,2315,en.wikipedia,Q740335,Orthopoxvirus,2591633,2022-08-01,1.4339426365630656e-6,4003,2791604000
United States,US,USA,2315,en.wikipedia,Q167844,Conjunctivitis,44410,2022-08-01,6.476563294793961e-7,1808,2791604000
United States,US,USA,2315,en.wikipedia,Q199615,Encephalitis,37636,2022-08-01,8.009732039358018e-7,2236,2791604000
United States,US,USA,2315,en.wikipedia,Q101971,Wart,34049,2022-08-01,6.229393567282466e-7,1739,2791604000
United States,US,USA,2315,en.wikipedia,Q655331,Herpes simplex virus,4774419,2022-08-01,1.1323239255997629e-6,3161,2791604000
United States,US,USA,2315,en.wikipedia,Q382370,Monkeypox,242702,2022-08-01,6.432395139138646e-5,179567,2791604000
United States,US,USA,2315,en.wikipedia,Q38933,Fever,46253,2022-08-01,1.6370516735181637e-7,457,2791604000
United States,US,USA,2315,en.wikipedia,Q182155,Herpes zoster,443800,2022-08-01,5.581020803810283e-7,1558,2791604000
United States,US,USA,2315,en.wikipedia,Q12214,Smallpox,16829895,2022-08-01,4.3860089038416626e-6,12244,2791604000
United States,US,USA,2315,en.wikipedia,Q9690,Fatigue,235562,2022-08-01,3.6215738335379946e-7,1011,2791604000
United States,US,USA,2613,en.wikipedia,Q382370,Monkeypox,242702,2022-08-08,5.485219916493168e-5,154283,2812704000
United States,US,USA,2613,en.wikipedia,Q6900886,Monkeypox virus,39680623,2022-08-08,5.151270805602012e-6,14489,2812704000
United States,US,USA,2613,en.wikipedia,Q40878,Diarrhea,53951,2022-08-08,1.1853362458331911e-6,3334,2812704000
United States,US,USA,2613,en.wikipedia,Q182155,Herpes zoster,443800,2022-08-08,2.0165648429411697e-6,5672,2812704000
United States,US,USA,2613,en.wikipedia,Q740335,Orthopoxvirus,2591633,2022-08-08,1.684500039819334e-6,4738,2812704000
United States,US,USA,2613,en.wikipedia,Q12214,Smallpox,16829895,2022-08-08,6.901543852463679e-6,19412,2812704000
United States,US,USA,2613,en.wikipedia,Q167844,Conjunctivitis,44410,2022-08-08,6.595077192623184e-7,1855,2812704000
United States,US,USA,2613,en.wikipedia,Q199615,Encephalitis,37636,2022-08-08,2.1520216844715972e-6,6053,2812704000
United States,US,USA,2613,en.wikipedia,Q101971,Wart,34049,2022-08-08,1.333592159004289e-6,3751,2812704000
United States,US,USA,2613,en.wikipedia,Q948421,Poxviridae,1548205,2022-08-08,4.149032390183966e-7,1167,2812704000
United States,US,USA,2613,en.wikipedia,Q186235,Myocarditis,452461,2022-08-08,6.292876889996245e-7,1770,2812704000
United States,US,USA,2613,en.wikipedia,Q655331,Herpes simplex virus,4774419,2022-08-08,6.705291420640067e-7,1886,2812704000
United States,US,USA,2613,en.wikipedia,Q113480445,ACAM2000,16057614,2022-08-08,1.656768717931215e-7,466,2812704000
United States,US,USA,2613,en.wikipedia,Q3075150,Fomite,24808275,2022-08-08,1.6105498481176832e-7,453,2812704000
United States,US,USA,2613,en.wikipedia,Q38933,Fever,46253,2022-08-08,5.574706759047522e-7,1568,2812704000
United States,US,USA,2613,en.wikipedia,Q7692792,Tecovirimat,24383686,2022-08-08,2.606033197947598e-7,733,2812704000
United States,US,USA,2613,en.wikipedia,Q6473911,Herpes,21323216,2022-08-08,3.5695188686758365e-7,1004,2812704000
United States,US,USA,3215,en.wikipedia,Q382370,Monkeypox,242702,2022-08-15,3.0342332502815796e-5,85344,2812704000
United States,US,USA,3215,en.wikipedia,Q6900886,Monkeypox virus,39680623,2022-08-15,1.5778411094804143e-6,4438,2812704000
United States,US,USA,3215,en.wikipedia,Q182155,Herpes zoster,443800,2022-08-15,1.1455169118399944e-6,3222,2812704000
United States,US,USA,3215,en.wikipedia,Q740335,Orthopoxvirus,2591633,2022-08-15,4.710769423302274e-7,1325,2812704000
United States,US,USA,3215,en.wikipedia,Q12214,Smallpox,16829895,2022-08-15,4.4195905434770245e-6,12431,2812704000
United States,US,USA,3215,en.wikipedia,Q167844,Conjunctivitis,44410,2022-08-15,6.143554387521759e-7,1728,2812704000
United States,US,USA,3215,en.wikipedia,Q199615,Encephalitis,37636,2022-08-15,1.17360376349591e-6,3301,2812704000
United States,US,USA,3215,en.wikipedia,Q101971,Wart,34049,2022-08-15,8.376281329283138e-7,2356,2812704000
United States,US,USA,3215,en.wikipedia,Q7692792,Tecovirimat,24383686,2022-08-15,3.622848333845296e-7,1019,2812704000
United States,US,USA,3215,en.wikipedia,Q6473911,Herpes,21323216,2022-08-15,6.168441471267507e-7,1735,2812704000
United States,US,USA,3215,en.wikipedia,Q40878,Diarrhea,53951,2022-08-15,8.66426044119822e-7,2437,2812704000
United States,US,USA,3215,en.wikipedia,Q6473911,Herpes simplex,21323216,2022-08-15,3.2957609474726097e-7,927,2812704000
United States,US,USA,3215,en.wikipedia,Q186235,Myocarditis,452461,2022-08-15,7.498122802826035e-7,2109,2812704000
United States,US,USA,3215,en.wikipedia,Q655331,Herpes simplex virus,4774419,2022-08-15,3.8183897061333153e-7,1074,2812704000
United States,US,USA,3215,en.wikipedia,Q182155,Shingles,443800,2022-08-15,5.308059433200223e-7,1493,2812704000
United States,US,USA,3324,en.wikipedia,Q382370,Monkeypox,242702,2022-08-22,3.0618579132393595e-5,86121,2812704000
United States,US,USA,3324,en.wikipedia,Q6900886,Monkeypox virus,39680623,2022-08-22,1.7061873556549145e-6,4799,2812704000
United States,US,USA,3324,en.wikipedia,Q6473911,Herpes simplex,21323216,2022-08-22,2.153443803542783e-6,6057,2812704000
United States,US,USA,3324,en.wikipedia,Q182155,Shingles,443800,2022-08-22,1.7691161245548766e-6,4976,2812704000
United States,US,USA,3324,en.wikipedia,Q740335,Orthopoxvirus,2591633,2022-08-22,5.464492531030638e-7,1537,2812704000
United States,US,USA,3324,en.wikipedia,Q12214,Smallpox,16829895,2022-08-22,5.0503003515478345e-6,14205,2812704000
United States,US,USA,3324,en.wikipedia,Q167844,Conjunctivitis,44410,2022-08-22,2.0905150346428209e-7,588,2812704000
United States,US,USA,3324,en.wikipedia,Q199615,Encephalitis,37636,2022-08-22,2.702026235252625e-7,760,2812704000
United States,US,USA,3324,en.wikipedia,Q101971,Wart,34049,2022-08-22,1.9660796159140814e-7,553,2812704000
United States,US,USA,3324,en.wikipedia,Q40878,Diarrhea,53951,2022-08-22,6.708846718318032e-7,1887,2812704000
United States,US,USA,3324,en.wikipedia,Q182155,Herpes zoster,443800,2022-08-22,5.738250452233864e-7,1614,2812704000
United States,US,USA,3324,en.wikipedia,Q9690,Fatigue,235562,2022-08-22,5.546264377623809e-7,1560,2812704000
United States,US,USA,3324,en.wikipedia,Q186235,Myocarditis,452461,2022-08-22,3.853942682912955e-7,1084,2812704000
United States,US,USA,3324,en.wikipedia,Q655331,Herpes simplex virus,4774419,2022-08-22,2.8477934400491484e-7,801,2812704000
United States,US,USA,3324,en.wikipedia,Q827023,Lesion,324927,2022-08-22,1.8878630669988737e-7,531,2812704000
United States,US,USA,3324,en.wikipedia,Q86,Headache,69893,2022-08-22,1.710098183100675e-7,481,2812704000
United States,US,USA,2916,en.wikipedia,Q382370,Monkeypox,242702,2022-08-29,1.4616895343413312e-5,41113,2812704000
United States,US,USA,2916,en.wikipedia,Q6900886,Monkeypox virus,39680623,2022-08-29,1.9234160437785137e-7,541,2812704000
United States,US,USA,2916,en.wikipedia,Q6473911,Herpes simplex,21323216,2022-08-29,1.318304378989044e-6,3708,2812704000
United States,US,USA,2916,en.wikipedia,Q182155,Herpes zoster,443800,2022-08-29,5.709808070810153e-7,1606,2812704000
United States,US,USA,2916,en.wikipedia,Q12214,Smallpox,16829895,2022-08-29,6.8339931965823635e-6,19222,2812704000
United States,US,USA,2916,en.wikipedia,Q40878,Diarrhea,53951,2022-08-29,3.637069524557152e-7,1023,2812704000
United States,US,USA,2916,en.wikipedia,Q167844,Conjunctivitis,44410,2022-08-29,4.298354892658453e-7,1209,2812704000
United States,US,USA,2916,en.wikipedia,Q199615,Encephalitis,37636,2022-08-29,5.524932591556026e-7,1554,2812704000
United States,US,USA,2916,en.wikipedia,Q101971,Wart,34049,2022-08-29,4.149032390183966e-7,1167,2812704000
United States,US,USA,2916,en.wikipedia,Q186235,Myocarditis,452461,2022-08-29,1.1992019067772506e-6,3373,2812704000
United States,US,USA,2916,en.wikipedia,Q655331,Herpes simplex virus,4774419,2022-08-29,5.571151461369557e-7,1567,2812704000
United States,US,USA,2916,en.wikipedia,Q182155,Shingles,443800,2022-08-29,2.131756487707203e-6,5996,2812704000
United States,US,USA,2916,en.wikipedia,Q38933,Fever,46253,2022-08-29,1.692321694710855e-7,476,2812704000
United States,US,USA,2386,en.wikipedia,Q382370,Monkeypox,242702,2022-09-05,3.959535023948485e-6,11137,2812704000
United States,US,USA,2386,en.wikipedia,Q40878,Diarrhea,53951,2022-09-05,3.9179380411163066e-7,1102,2812704000
United States,US,USA,2386,en.wikipedia,Q199615,Encephalitis,37636,2022-09-05,7.277694346792268e-7,2047,2812704000
United States,US,USA,2386,en.wikipedia,Q101971,Wart,34049,2022-09-05,6.115112006098047e-7,1720,2812704000
United States,US,USA,2386,en.wikipedia,Q182155,Shingles,443800,2022-09-05,5.396941875149323e-7,1518,2812704000
United States,US,USA,2386,en.wikipedia,Q12214,Smallpox,16829895,2022-09-05,8.682036929588041e-7,2442,2812704000
United States,US,USA,2386,en.wikipedia,Q167844,Conjunctivitis,44410,2022-09-05,2.243392834795272e-7,631,2812704000
United States,US,USA,2386,en.wikipedia,Q6473911,Herpes simplex,21323216,2022-09-05,2.968673561099924e-7,835,2812704000
United States,US,USA,2386,en.wikipedia,Q186235,Myocarditis,452461,2022-09-05,3.853942682912955e-7,1084,2812704000
United States,US,USA,2386,en.wikipedia,Q655331,Herpes simplex virus,4774419,2022-09-05,2.378494146557903e-7,669,2812704000
United States,US,USA,2386,en.wikipedia,Q38933,Fever,46253,2022-09-05,1.6354369318634314e-7,460,2812704000
United States,US,USA,2386,en.wikipedia,Q7692792,Tecovirimat,24383686,2022-09-05,6.406484524638502e-7,1852,2890821000
United States,US,USA,2386,en.wikipedia,Q6473911,Herpes simplex,21323216,2022-09-05,8.070371704093751e-7,2333,2890821000
United States,US,USA,2386,en.wikipedia,Q186235,Myocarditis,452461,2022-09-05,1.00421299001218e-6,2903,2890821000
United States,US,USA,2386,en.wikipedia,Q655331,Herpes simplex virus,4774419,2022-09-05,3.722125998116106e-7,1076,2890821000
United States,US,USA,2386,en.wikipedia,Q40878,Diarrhea,53951,2022-09-05,3.5007356041761144e-7,1012,2890821000
United States,US,USA,2386,en.wikipedia,Q167844,Conjunctivitis,44410,2022-09-05,2.0098096699864848e-7,581,2890821000
United States,US,USA,2386,en.wikipedia,Q199615,Encephalitis,37636,2022-09-05,2.0928310677139817e-7,605,2890821000
United States,US,USA,2386,en.wikipedia,Q101971,Wart,34049,2022-09-05,3.863954219233913e-7,1117,2890821000
United States,US,USA,2386,en.wikipedia,Q38933,Fever,46253,2022-09-05,3.383121957395495e-7,978,2890821000
United States,US,USA,2386,en.wikipedia,Q182155,Shingles,443800,2022-09-05,9.844954080518995e-7,2846,2890821000
United States,US,USA,2386,en.wikipedia,Q382370,Monkeypox,242702,2022-09-05,1.2494720357988268e-6,3612,2890821000
United States,US,USA,2153,en.wikipedia,Q6473911,Herpes simplex,21323216,2022-09-12,1.628603085421062e-6,4708,2890821000
United States,US,USA,2153,en.wikipedia,Q186235,Myocarditis,452461,2022-09-12,2.0430182290774837e-6,5906,2890821000
United States,US,USA,2153,en.wikipedia,Q40878,Diarrhea,53951,2022-09-12,1.255698640628389e-6,3630,2890821000
United States,US,USA,2153,en.wikipedia,Q12214,Smallpox,16829895,2022-09-12,1.6109610384039689e-6,4657,2890821000
United States,US,USA,2153,en.wikipedia,Q167844,Conjunctivitis,44410,2022-09-12,7.64488704074033e-7,2210,2890821000
United States,US,USA,2153,en.wikipedia,Q199615,Encephalitis,37636,2022-09-12,3.0890878404439432e-6,8930,2890821000
United States,US,USA,2153,en.wikipedia,Q101971,Wart,34049,2022-09-12,7.516895719243772e-7,2173,2890821000
United States,US,USA,2153,en.wikipedia,Q655331,Herpes simplex virus,4774419,2022-09-12,1.0339623241978664e-6,2989,2890821000
United States,US,USA,2153,en.wikipedia,Q182155,Herpes zoster,443800,2022-09-12,6.375351500490691e-7,1843,2890821000
United States,US,USA,2153,en.wikipedia,Q382370,Monkeypox,242702,2022-09-12,3.5038489065908957e-6,10129,2890821000
United States,US,USA,2153,en.wikipedia,Q182155,Shingles,443800,2022-09-12,4.763352694615128e-7,1377,2890821000
United States,US,USA,1453,en.wikipedia,Q40878,Diarrhea,53951,2022-09-19,1.861408921548584e-6,5381,2890821000
United States,US,USA,1453,en.wikipedia,Q12214,Smallpox,16829895,2022-09-19,2.0412886166248275e-6,5901,2890821000
United States,US,USA,1453,en.wikipedia,Q167844,Conjunctivitis,44410,2022-09-19,8.104963953146874e-7,2343,2890821000
United States,US,USA,1453,en.wikipedia,Q199615,Encephalitis,37636,2022-09-19,1.96656935867008e-6,5685,2890821000
United States,US,USA,1453,en.wikipedia,Q101971,Wart,34049,2022-09-19,1.458755142570225e-6,4217,2890821000
United States,US,USA,1453,en.wikipedia,Q38933,Fever,46253,2022-09-19,3.36236660796362e-7,972,2890821000
United States,US,USA,1453,en.wikipedia,Q382370,Monkeypox,242702,2022-09-19,6.731997588228396e-6,19461,2890821000
United States,US,USA,1453,en.wikipedia,Q6473911,Herpes simplex,21323216,2022-09-19,1.0059426024648362e-6,2908,2890821000
United States,US,USA,1453,en.wikipedia,Q186235,Myocarditis,452461,2022-09-19,1.9091462252418948e-6,5519,2890821000
United States,US,USA,1453,en.wikipedia,Q655331,Herpes simplex virus,4774419,2022-09-19,6.153961106550699e-7,1779,2890821000
United States,US,USA,1453,en.wikipedia,Q182155,Herpes zoster,443800,2022-09-19,5.67312884471228e-7,1640,2890821000
United States,US,USA,1453,en.wikipedia,Q1292082,Sore throat,310094,2022-09-19,1.6189172556861876e-7,468,2890821000
United States,US,USA,1453,en.wikipedia,Q182155,Shingles,443800,2022-09-19,5.21997038211636e-7,1509,2890821000
United States,US,USA,1445,en.wikipedia,Q382370,Monkeypox,242702,2022-09-26,3.802725938409884e-6,10993,2890821000
United States,US,USA,1445,en.wikipedia,Q6473911,Herpes simplex,21323216,2022-09-26,1.6863721413397785e-6,4875,2890821000
United States,US,USA,1445,en.wikipedia,Q186235,Myocarditis,452461,2022-09-26,3.0250921796956645e-6,8745,2890821000
United States,US,USA,1445,en.wikipedia,Q655331,Herpes simplex virus,4774419,2022-09-26,1.273340687645482e-6,3681,2890821000
United States,US,USA,1445,en.wikipedia,Q182155,Shingles,443800,2022-09-26,1.8333891998155544e-6,5300,2890821000
United States,US,USA,1445,en.wikipedia,Q12214,Smallpox,16829895,2022-09-26,2.114278262126918e-6,6112,2890821000
United States,US,USA,1445,en.wikipedia,Q167844,Conjunctivitis,44410,2022-09-26,8.571959315364043e-7,2478,2890821000
United States,US,USA,1445,en.wikipedia,Q101971,Wart,34049,2022-09-26,5.434442326245728e-7,1571,2890821000
United States,US,USA,1445,en.wikipedia,Q199615,Encephalitis,37636,2022-09-26,7.565324867918145e-7,2187,2890821000
United States,US,USA,1445,en.wikipedia,Q40878,Diarrhea,53951,2022-09-26,8.904044906274031e-7,2574,2890821000
United States,US,USA,1032,en.wikipedia,Q382370,Monkeypox,242702,2022-10-03,1.09657429498402e-6,3170,2890821000
United States,US,USA,1032,en.wikipedia,Q182155,Shingles,443800,2022-10-03,9.090843051160898e-7,2628,2890821000
United States,US,USA,1032,en.wikipedia,Q12214,Smallpox,16829895,2022-10-03,1.767318004124088e-6,5109,2890821000
United States,US,USA,1032,en.wikipedia,Q199615,Encephalitis,37636,2022-10-03,5.285695655317295e-7,1528,2890821000
United States,US,USA,1032,en.wikipedia,Q101971,Wart,34049,2022-10-03,3.4626841302176785e-7,1001,2890821000
United States,US,USA,1032,en.wikipedia,Q6473911,Herpes simplex,21323216,2022-10-03,1.1391227613193622e-6,3293,2890821000
United States,US,USA,1032,en.wikipedia,Q186235,Myocarditis,452461,2022-10-03,1.527939640676472e-6,4417,2890821000
United States,US,USA,1032,en.wikipedia,Q655331,Herpes simplex virus,4774419,2022-10-03,8.350568921424053e-7,2414,2890821000
United States,US,USA,1032,en.wikipedia,Q40878,Diarrhea,53951,2022-10-03,8.281384423317804e-7,2394,2890821000
United States,US,USA,1032,en.wikipedia,Q167844,Conjunctivitis,44410,2022-10-03,2.570204104647088e-7,743,2890821000
United States,US,USA,1032,en.wikipedia,Q382370,Monkeypox,242702,2022-10-03,1.8762289040650362e-7,544,2899433000
United States,US,USA,1032,en.wikipedia,Q6473911,Herpes simplex,21323216,2022-10-03,2.390122482568143e-7,693,2899433000
United States,US,USA,1032,en.wikipedia,Q186235,Myocarditis,452461,2022-10-03,3.210972628096597e-7,931,2899433000
United States,US,USA,1032,en.wikipedia,Q655331,Herpes simplex virus,4774419,2022-10-03,2.0762680151602057e-7,602,2899433000
United States,US,USA,1032,en.wikipedia,Q40878,Diarrhea,53951,2022-10-03,4.36981989237206e-7,1267,2899433000
United States,US,USA,1289,en.wikipedia,Q40878,Diarrhea,53951,2022-10-10,9.50185777702054e-7,2755,2899433000
United States,US,USA,1289,en.wikipedia,Q12214,Smallpox,16829895,2022-10-10,3.515514929988035e-6,10193,2899433000
United States,US,USA,1289,en.wikipedia,Q167844,Conjunctivitis,44410,2022-10-10,1.1509146788354828e-6,3337,2899433000
United States,US,USA,1289,en.wikipedia,Q199615,Encephalitis,37636,2022-10-10,9.02590265062169e-7,2617,2899433000
United States,US,USA,1289,en.wikipedia,Q101971,Wart,34049,2022-10-10,4.776796014944991e-7,1385,2899433000
United States,US,USA,1289,en.wikipedia,Q182155,Shingles,443800,2022-10-10,1.3782004964418906e-6,3996,2899433000
United States,US,USA,1289,en.wikipedia,Q38933,Fever,46253,2022-10-10,1.5899660381874665e-7,461,2899433000
United States,US,USA,1289,en.wikipedia,Q382370,Monkeypox,242702,2022-10-10,5.942541179603046e-7,1723,2899433000
United States,US,USA,1289,en.wikipedia,Q6473911,Herpes simplex,21323216,2022-10-10,7.535956167981809e-7,2185,2899433000
United States,US,USA,1289,en.wikipedia,Q186235,Myocarditis,452461,2022-10-10,1.1857490757675723e-6,3438,2899433000
United States,US,USA,1289,en.wikipedia,Q655331,Herpes simplex virus,4774419,2022-10-10,4.1180465284074506e-7,1194,2899433000
United States,US,USA,405,en.wikipedia,Q382370,Monkeypox,242702,2022-10-17,1.180920545499758e-6,3424,2899433000
United States,US,USA,405,en.wikipedia,Q6473911,Herpes simplex,21323216,2022-10-17,1.9045102956336636e-6,5522,2899433000
United States,US,USA,405,en.wikipedia,Q186235,Myocarditis,452461,2022-10-17,2.1738733055738827e-6,6303,2899433000
United States,US,USA,405,en.wikipedia,Q655331,Herpes simplex virus,4774419,2022-10-17,8.598232826900984e-7,2493,2899433000
United States,US,USA,405,en.wikipedia,Q182155,Shingles,443800,2022-10-17,2.0531600488785223e-6,5953,2899433000
United States,US,USA,405,en.wikipedia,Q12214,Smallpox,16829895,2022-10-17,3.1044000671855496e-6,9001,2899433000
United States,US,USA,405,en.wikipedia,Q199615,Encephalitis,37636,2022-10-17,7.784280581755123e-7,2257,2899433000
United States,US,USA,405,en.wikipedia,Q101971,Wart,34049,2022-10-17,6.901349332783341e-7,2001,2899433000
United States,US,USA,405,en.wikipedia,Q40878,Diarrhea,53951,2022-10-17,6.283987248541352e-7,1822,2899433000
United States,US,USA,405,en.wikipedia,Q167844,Conjunctivitis,44410,2022-10-17,5.197567938283106e-7,1507,2899433000
United States,US,USA,561,en.wikipedia,Q382370,Monkeypox,242702,2022-10-24,7.33591705688664e-7,2127,2899433000
United States,US,USA,561,en.wikipedia,Q6473911,Herpes simplex,21323216,2022-10-24,1.0395135876566212e-6,3014,2899433000
United States,US,USA,561,en.wikipedia,Q182155,Shingles,443800,2022-10-24,7.177265348087022e-7,2081,2899433000
United States,US,USA,561,en.wikipedia,Q12214,Smallpox,16829895,2022-10-24,1.954864968426586e-6,5668,2899433000
United States,US,USA,561,en.wikipedia,Q199615,Encephalitis,37636,2022-10-24,6.025315984194151e-7,1747,2899433000
United States,US,USA,561,en.wikipedia,Q101971,Wart,34049,2022-10-24,5.187221087709218e-7,1504,2899433000
United States,US,USA,561,en.wikipedia,Q186235,Myocarditis,452461,2022-10-24,1.3143949179029142e-6,3811,2899433000
United States,US,USA,561,en.wikipedia,Q655331,Herpes simplex virus,4774419,2022-10-24,5.401055999569571e-7,1566,2899433000
United States,US,USA,561,en.wikipedia,Q40878,Diarrhea,53951,2022-10-24,8.943127846030586e-7,2593,2899433000
United States,US,USA,561,en.wikipedia,Q167844,Conjunctivitis,44410,2022-10-24,4.635389057101854e-7,1344,2899433000
United States,US,USA,561,en.wikipedia,Q38933,Fever,46253,2022-10-24,1.707230344691531e-7,495,2899433000
United States,US,USA,360,en.wikipedia,Q182155,Shingles,443800,2022-10-31,6.790982926661868e-7,1969,2899433000
United States,US,USA,360,en.wikipedia,Q167844,Conjunctivitis,44410,2022-10-31,1.1284965025920586e-6,3272,2899433000
United States,US,USA,360,en.wikipedia,Q199615,Encephalitis,37636,2022-10-31,5.418300750526051e-7,1571,2899433000
United States,US,USA,360,en.wikipedia,Q101971,Wart,34049,2022-10-31,3.811089961382105e-7,1105,2899433000
United States,US,USA,360,en.wikipedia,Q382370,Monkeypox,242702,2022-10-31,6.401251555045417e-7,1856,2899433000
United States,US,USA,360,en.wikipedia,Q6473911,Herpes simplex,21323216,2022-10-31,1.6437696611716845e-6,4766,2899433000
United States,US,USA,360,en.wikipedia,Q186235,Myocarditis,452461,2022-10-31,2.4318547798828255e-6,7051,2899433000
United States,US,USA,360,en.wikipedia,Q655331,Herpes simplex virus,4774419,2022-10-31,1.1995448765327565e-6,3478,2899433000
United States,US,USA,360,en.wikipedia,Q38933,Fever,46253,2022-10-31,3.4455012411047266e-7,999,2899433000
United States,US,USA,360,en.wikipedia,Q182155,Herpes zoster,443800,2022-10-31,2.769507003610706e-7,803,2899433000
United States,US,USA,360,en.wikipedia,Q40878,Diarrhea,53951,2022-10-31,7.580792520468657e-7,2198,2899433000
United States,US,USA,360,en.wikipedia,Q12214,Smallpox,16829895,2022-10-31,3.900762666355802e-7,1131,2899433000
United States,US,USA,374,en.wikipedia,Q6473911,Herpes simplex,21323216,2022-11-07,2.5177336396460965e-7,730,2899433000
United States,US,USA,374,en.wikipedia,Q186235,Myocarditis,452461,2022-11-07,3.100606221975124e-7,899,2899433000
United States,US,USA,374,en.wikipedia,Q655331,Herpes simplex virus,4774419,2022-11-07,2.2521644749163026e-7,653,2899433000
United States,US,USA,374,en.wikipedia,Q182155,Shingles,443800,2022-11-07,2.472897287159248e-7,717,2899433000
United States,US,USA,374,en.wikipedia,Q655331,Herpes simplex virus,4774419,2022-11-07,4.0688882285461074e-7,1168,2870563000
United States,US,USA,374,en.wikipedia,Q182155,Shingles,443800,2022-11-07,1.0092096916179858e-6,2897,2870563000
United States,US,USA,374,en.wikipedia,Q6473911,Herpes simplex,21323216,2022-11-07,5.549434030885231e-7,1593,2870563000
United States,US,USA,374,en.wikipedia,Q12214,Smallpox,16829895,2022-11-07,1.139846085942026e-6,3272,2870563000
United States,US,USA,374,en.wikipedia,Q199615,Encephalitis,37636,2022-11-07,1.0935137114217664e-6,3139,2870563000
United States,US,USA,374,en.wikipedia,Q40878,Diarrhea,53951,2022-11-07,2.41067692992629e-7,692,2870563000
United States,US,USA,374,en.wikipedia,Q382370,Monkeypox,242702,2022-11-07,2.706786090394114e-7,777,2870563000
United States,US,USA,374,en.wikipedia,Q167844,Conjunctivitis,44410,2022-11-07,7.866052756898211e-7,2258,2870563000
United States,US,USA,374,en.wikipedia,Q101971,Wart,34049,2022-11-07,5.347383074330715e-7,1535,2870563000
United States,US,USA,374,en.wikipedia,Q38933,Fever,46253,2022-11-07,1.8080076974447172e-7,519,2870563000
United States,US,USA,260,en.wikipedia,Q382370,Monkeypox,242702,2022-11-14,1.8627008012017152e-6,5347,2870563000
United States,US,USA,260,en.wikipedia,Q6473911,Herpes simplex,21323216,2022-11-14,1.7411218635508087e-6,4998,2870563000
United States,US,USA,260,en.wikipedia,Q186235,Myocarditis,452461,2022-11-14,2.4493453026462055e-6,7031,2870563000
United States,US,USA,260,en.wikipedia,Q655331,Herpes simplex virus,4774419,2022-11-14,7.81031456198662e-7,2242,2870563000
United States,US,USA,260,en.wikipedia,Q40878,Diarrhea,53951,2022-11-14,1.2973064865672693e-6,3724,2870563000
United States,US,USA,260,en.wikipedia,Q167844,Conjunctivitis,44410,2022-11-14,1.3962417825353424e-6,4008,2870563000
United States,US,USA,260,en.wikipedia,Q12214,Smallpox,16829895,2022-11-14,3.5881462974336393e-7,1030,2870563000
United States,US,USA,260,en.wikipedia,Q199615,Encephalitis,37636,2022-11-14,9.86566049935152e-7,2832,2870563000
United States,US,USA,260,en.wikipedia,Q101971,Wart,34049,2022-11-14,3.445317172972689e-7,989,2870563000
United States,US,USA,260,en.wikipedia,Q38933,Fever,46253,2022-11-14,1.6756294845296897e-7,481,2870563000
United States,US,USA,260,en.wikipedia,Q182155,Shingles,443800,2022-11-14,2.884451586674809e-7,828,2870563000
United States,US,USA,252,en.wikipedia,Q382370,Monkeypox,242702,2022-11-21,6.465630609744499e-7,1856,2870563000
United States,US,USA,252,en.wikipedia,Q9690,Fatigue,235562,2022-11-21,1.7034985819854855e-7,489,2870563000
United States,US,USA,252,en.wikipedia,Q6473911,Herpes simplex,21323216,2022-11-21,7.646583614433824e-7,2195,2870563000
United States,US,USA,252,en.wikipedia,Q186235,Myocarditis,452461,2022-11-21,1.845630979010041e-6,5298,2870563000
United States,US,USA,252,en.wikipedia,Q655331,Herpes simplex virus,4774419,2022-11-21,5.887346837536748e-7,1690,2870563000
United States,US,USA,252,en.wikipedia,Q182155,Shingles,443800,2022-11-21,1.2635152059021177e-6,3627,2870563000
United States,US,USA,252,en.wikipedia,Q12214,Smallpox,16829895,2022-11-21,4.8666411432182465e-6,13970,2870563000
United States,US,USA,252,en.wikipedia,Q199615,Encephalitis,37636,2022-11-21,5.957019581176236e-7,1710,2870563000
United States,US,USA,252,en.wikipedia,Q40878,Diarrhea,53951,2022-11-21,4.232619176098905e-7,1215,2870563000
United States,US,USA,252,en.wikipedia,Q167844,Conjunctivitis,44410,2022-11-21,2.853098852037039e-7,819,2870563000
United States,US,USA,66,en.wikipedia,Q40878,Diarrhea,53951,2022-11-28,1.388229417016801e-6,3985,2870563000
United States,US,USA,66,en.wikipedia,Q167844,Conjunctivitis,44410,2022-11-28,1.8651393472290977e-6,5354,2870563000
United States,US,USA,66,en.wikipedia,Q199615,Encephalitis,37636,2022-11-28,1.0827144361576456e-6,3108,2870563000
United States,US,USA,66,en.wikipedia,Q101971,Wart,34049,2022-11-28,3.2920371369658145e-7,945,2870563000
United States,US,USA,66,en.wikipedia,Q38933,Fever,46253,2022-11-28,7.60477996825013e-7,2183,2870563000
United States,US,USA,66,en.wikipedia,Q382370,Monkeypox,242702,2022-11-28,1.2464453837104428e-6,3578,2870563000
United States,US,USA,66,en.wikipedia,Q6473911,Herpes simplex,21323216,2022-11-28,1.3199501282501028e-6,3789,2870563000
United States,US,USA,66,en.wikipedia,Q186235,Myocarditis,452461,2022-11-28,2.9227715956765275e-6,8390,2870563000
United States,US,USA,66,en.wikipedia,Q655331,Herpes simplex virus,4774419,2022-11-28,9.945784154536932e-7,2855,2870563000
United States,US,USA,66,en.wikipedia,Q12214,Smallpox,16829895,2022-11-28,1.5317552689141468e-6,4397,2870563000
United States,US,USA,431,en.wikipedia,Q382370,Monkeypox,242702,2022-12-05,2.203052153880615e-6,6324,2870563000
United States,US,USA,431,en.wikipedia,Q6473911,Herpes simplex,21323216,2022-12-05,8.952947557674226e-7,2570,2870563000
United States,US,USA,431,en.wikipedia,Q186235,Myocarditis,452461,2022-12-05,1.494131987348823e-6,4289,2870563000
United States,US,USA,431,en.wikipedia,Q655331,Herpes simplex virus,4774419,2022-12-05,6.392474228923037e-7,1835,2870563000
United States,US,USA,431,en.wikipedia,Q40878,Diarrhea,53951,2022-12-05,4.4520883185632934e-7,1278,2870563000
United States,US,USA,431,en.wikipedia,Q167844,Conjunctivitis,44410,2022-12-05,9.949267791718908e-7,2856,2870563000
United States,US,USA,431,en.wikipedia,Q199615,Encephalitis,37636,2022-12-05,5.176684852413969e-7,1486,2870563000
United States,US,USA,431,en.wikipedia,Q101971,Wart,34049,2022-12-05,3.243266216418173e-7,931,2870563000
United States,US,USA,431,en.wikipedia,Q38933,Fever,46253,2022-12-05,4.5496301596585766e-7,1306,2870563000
United States,US,USA,431,en.wikipedia,Q182155,Shingles,443800,2022-12-05,3.124822552231043e-7,897,2870563000
United States,US,USA,431,en.wikipedia,Q382370,Monkeypox,242702,2022-12-05,9.259256100311108e-7,2714,2931121000
United States,US,USA,431,en.wikipedia,Q6473911,Herpes simplex,21323216,2022-12-05,7.031439507273838e-7,2061,2931121000
United States,US,USA,431,en.wikipedia,Q186235,Myocarditis,452461,2022-12-05,1.6741035255794626e-6,4907,2931121000
United States,US,USA,431,en.wikipedia,Q655331,Herpes simplex virus,4774419,2022-12-05,3.841533665788619e-7,1126,2931121000
United States,US,USA,431,en.wikipedia,Q40878,Diarrhea,53951,2022-12-05,6.495808259024448e-7,1904,2931121000
United States,US,USA,431,en.wikipedia,Q182155,Shingles,443800,2022-12-05,4.776329602223859e-7,1400,2931121000
United States,US,USA,431,en.wikipedia,Q12214,Smallpox,16829895,2022-12-05,1.5717536055318084e-6,4607,2931121000
United States,US,USA,431,en.wikipedia,Q167844,Conjunctivitis,44410,2022-12-05,1.2012468949593005e-6,3521,2931121000
United States,US,USA,431,en.wikipedia,Q199615,Encephalitis,37636,2022-12-05,1.3155376390125145e-6,3856,2931121000
United States,US,USA,431,en.wikipedia,Q38933,Fever,46253,2022-12-05,7.1610827393342e-7,2099,2931121000
United States,US,USA,431,en.wikipedia,Q208726,Genital wart,188665,2022-12-05,2.5416896811834106e-7,745,2931121000
United States,US,USA,81,en.wikipedia,Q182155,Shingles,443800,2022-12-12,1.4096995654563562e-6,4132,2931121000
United States,US,USA,81,en.wikipedia,Q12214,Smallpox,16829895,2022-12-12,4.9117726630869214e-6,14397,2931121000
United States,US,USA,81,en.wikipedia,Q167844,Conjunctivitis,44410,2022-12-12,5.926060370759174e-7,1737,2931121000
United States,US,USA,81,en.wikipedia,Q199615,Encephalitis,37636,2022-12-12,4.830916226249274e-7,1416,2931121000
United States,US,USA,81,en.wikipedia,Q38933,Fever,46253,2022-12-12,1.760418624819651e-7,516,2931121000
United States,US,USA,81,en.wikipedia,Q186235,Myocarditis,452461,2022-12-12,8.952206340168147e-7,2624,2931121000
United States,US,USA,81,en.wikipedia,Q655331,Herpes simplex virus,4774419,2022-12-12,4.05988016189028e-7,1190,2931121000
United States,US,USA,81,en.wikipedia,Q40878,Diarrhea,53951,2022-12-12,4.718331314196855e-7,1383,2931121000
United States,US,USA,81,en.wikipedia,Q382370,Monkeypox,242702,2022-12-12,2.2516982410483906e-7,660,2931121000
United States,US,USA,81,en.wikipedia,Q6473911,Herpes simplex,21323216,2022-12-12,3.224022481501105e-7,945,2931121000
United States,US,USA,0,en.wikipedia,Q182155,Shingles,443800,2022-12-19,1.1241432885234012e-6,3295,2931121000
United States,US,USA,0,en.wikipedia,Q12214,Smallpox,16829895,2022-12-19,1.7003733383916938e-6,4984,2931121000
United States,US,USA,0,en.wikipedia,Q167844,Conjunctivitis,44410,2022-12-19,1.5465072919200538e-6,4533,2931121000
United States,US,USA,0,en.wikipedia,Q199615,Encephalitis,37636,2022-12-19,8.692919876047424e-7,2548,2931121000
United States,US,USA,0,en.wikipedia,Q101971,Wart,34049,2022-12-19,1.753595296816474e-7,514,2931121000
United States,US,USA,0,en.wikipedia,Q38933,Fever,46253,2022-12-19,7.49542581148987e-7,2197,2931121000
United States,US,USA,0,en.wikipedia,Q40878,Diarrhea,53951,2022-12-19,3.520837249639302e-7,1032,2931121000
United States,US,USA,0,en.wikipedia,Q6473911,Herpes simplex,21323216,2022-12-19,2.504161377165938e-7,734,2931121000
United States,US,USA,0,en.wikipedia,Q186235,Myocarditis,452461,2022-12-19,4.189523393950642e-7,1228,2931121000
United States,US,USA,41,en.wikipedia,Q182155,Shingles,443800,2022-12-26,1.1296019509259426e-6,3311,2931121000
United States,US,USA,41,en.wikipedia,Q12214,Smallpox,16829895,2022-12-26,1.6812680199827984e-6,4928,2931121000
United States,US,USA,41,en.wikipedia,Q199615,Encephalitis,37636,2022-12-26,7.659185683566117e-7,2245,2931121000
United States,US,USA,41,en.wikipedia,Q38933,Fever,46253,2022-12-26,5.745242178674985e-7,1684,2931121000
United States,US,USA,41,en.wikipedia,Q186235,Myocarditis,452461,2022-12-26,4.162230081937934e-7,1220,2931121000
United States,US,USA,41,en.wikipedia,Q40878,Diarrhea,53951,2022-12-26,4.070115153895046e-7,1193,2931121000
United States,US,USA,41,en.wikipedia,Q167844,Conjunctivitis,44410,2022-12-26,5.42113409852408e-7,1589,2931121000
United States,US,USA,49,en.wikipedia,Q6473911,Herpes simplex,21323216,2023-01-02,1.0767211589013213e-6,3156,2931121000
United States,US,USA,49,en.wikipedia,Q186235,Myocarditis,452461,2023-01-02,1.9524953081090816e-6,5723,2931121000
United States,US,USA,49,en.wikipedia,Q40878,Diarrhea,53951,2023-01-02,6.390046674975206e-7,1873,2931121000
United States,US,USA,49,en.wikipedia,Q167844,Conjunctivitis,44410,2023-01-02,1.3885472486465076e-6,4070,2931121000
United States,US,USA,49,en.wikipedia,Q199615,Encephalitis,37636,2023-01-02,1.2821033317969471e-6,3758,2931121000
United States,US,USA,49,en.wikipedia,Q38933,Fever,46253,2023-01-02,7.53977744351052e-7,2210,2931121000
United States,US,USA,49,en.wikipedia,Q12214,Smallpox,16829895,2023-01-02,1.7344899784075786e-6,5084,2931121000
United States,US,USA,49,en.wikipedia,Q382370,Monkeypox,242702,2023-01-02,1.6273637287577008e-7,477,2931121000
United States,US,USA,49,en.wikipedia,Q182155,Shingles,443800,2023-01-02,7.140612755324669e-7,2093,2931121000
United States,US,USA,49,en.wikipedia,Q6473911,Herpes simplex,21323216,2023-01-02,2.266344995932161e-7,724,3194571000
United States,US,USA,49,en.wikipedia,Q186235,Myocarditis,452461,2023-01-02,2.48859706045037e-7,795,3194571000
United States,US,USA,49,en.wikipedia,Q40878,Diarrhea,53951,2023-01-02,1.5213310331809812e-7,486,3194571000
United States,US,USA,121,en.wikipedia,Q6473911,Herpes simplex,21323216,2023-01-09,1.507870696879174e-6,4817,3194571000
United States,US,USA,121,en.wikipedia,Q186235,Myocarditis,452461,2023-01-09,4.240005935069216e-6,13545,3194571000
United States,US,USA,121,en.wikipedia,Q40878,Diarrhea,53951,2023-01-09,9.387801992818442e-7,2999,3194571000
United States,US,USA,121,en.wikipedia,Q167844,Conjunctivitis,44410,2023-01-09,8.00107432265553e-7,2556,3194571000
United States,US,USA,121,en.wikipedia,Q199615,Encephalitis,37636,2023-01-09,9.287632048246854e-7,2967,3194571000
United States,US,USA,121,en.wikipedia,Q101971,Wart,34049,2023-01-09,2.0096595129674688e-7,642,3194571000
United States,US,USA,121,en.wikipedia,Q12214,Smallpox,16829895,2023-01-09,1.722296984477728e-6,5502,3194571000
United States,US,USA,121,en.wikipedia,Q655331,Herpes simplex virus,4774419,2023-01-09,1.4399429532165668e-7,460,3194571000
United States,US,USA,121,en.wikipedia,Q38933,Fever,46253,2023-01-09,3.067704552504859e-7,980,3194571000
United States,US,USA,121,en.wikipedia,Q474959,Myalgia,149467,2023-01-09,1.8750561499493984e-7,599,3194571000
United States,US,USA,121,en.wikipedia,Q382370,Monkeypox,242702,2023-01-09,1.643413153127603e-7,525,3194571000
United States,US,USA,121,en.wikipedia,Q9690,Fatigue,235562,2023-01-09,3.7000273276130036e-7,1182,3194571000
United States,US,USA,121,en.wikipedia,Q182155,Shingles,443800,2023-01-09,3.684375773773693e-7,1177,3194571000
United States,US,USA,63,en.wikipedia,Q6473911,Herpes simplex,21323216,2023-01-16,1.5783026891560714e-6,5042,3194571000
United States,US,USA,63,en.wikipedia,Q186235,Myocarditis,452461,2023-01-16,1.5588947623953262e-6,4980,3194571000
United States,US,USA,63,en.wikipedia,Q40878,Diarrhea,53951,2023-01-16,6.777122812421449e-7,2165,3194571000
United States,US,USA,63,en.wikipedia,Q12214,Smallpox,16829895,2023-01-16,1.9774173120584893e-6,6317,3194571000
United States,US,USA,63,en.wikipedia,Q182155,Shingles,443800,2023-01-16,9.168680239068094e-7,2929,3194571000
United States,US,USA,63,en.wikipedia,Q655331,Herpes simplex virus,4774419,2023-01-16,1.424291399377256e-7,455,3194571000
United States,US,USA,63,en.wikipedia,Q167844,Conjunctivitis,44410,2023-01-16,6.667561935546276e-7,2130,3194571000
United States,US,USA,63,en.wikipedia,Q199615,Encephalitis,37636,2023-01-16,1.984617026824572e-7,634,3194571000
United States,US,USA,62,en.wikipedia,Q6473911,Herpes simplex,21323216,2023-01-23,1.223325448080509e-6,3908,3194571000
United States,US,USA,62,en.wikipedia,Q186235,Myocarditis,452461,2023-01-23,2.024998035729993e-6,6469,3194571000
United States,US,USA,62,en.wikipedia,Q182155,Shingles,443800,2023-01-23,2.7797159618615456e-7,888,3194571000
United States,US,USA,62,en.wikipedia,Q12214,Smallpox,16829895,2023-01-23,2.866738601208112e-6,9158,3194571000
United States,US,USA,62,en.wikipedia,Q167844,Conjunctivitis,44410,2023-01-23,9.143637752925196e-7,2921,3194571000
United States,US,USA,62,en.wikipedia,Q199615,Encephalitis,37636,2023-01-23,8.874431026889056e-7,2835,3194571000
United States,US,USA,62,en.wikipedia,Q40878,Diarrhea,53951,2023-01-23,1.156023766571474e-6,3693,3194571000
United States,US,USA,62,en.wikipedia,Q101971,Wart,34049,2023-01-23,1.4681157501273254e-7,469,3194571000
United States,US,USA,42,en.wikipedia,Q6473911,Herpes simplex,21323216,2023-01-30,9.372150438979132e-7,2994,3194571000
United States,US,USA,42,en.wikipedia,Q186235,Myocarditis,452461,2023-01-30,1.492845205193436e-6,4769,3194571000
United States,US,USA,42,en.wikipedia,Q182155,Shingles,443800,2023-01-30,1.0611753503052523e-6,3390,3194571000
United States,US,USA,42,en.wikipedia,Q12214,Smallpox,16829895,2023-01-30,8.217065765638015e-7,2625,3194571000
United States,US,USA,42,en.wikipedia,Q167844,Conjunctivitis,44410,2023-01-30,7.763170704298011e-7,2480,3194571000
United States,US,USA,42,en.wikipedia,Q199615,Encephalitis,37636,2023-01-30,5.988284498920199e-7,1913,3194571000
United States,US,USA,42,en.wikipedia,Q382370,Monkeypox,242702,2023-01-30,1.640282842359741e-7,524,3194571000
United States,US,USA,42,en.wikipedia,Q40878,Diarrhea,53951,2023-01-30,2.062874796021125e-7,659,3194571000
United States,US,USA,42,en.wikipedia,Q38933,Fever,46253,2023-01-30,1.4618551285916014e-7,467,3194571000
United States,US,USA,42,en.wikipedia,Q182155,Shingles,443800,2023-02-06,2.1442628759855393e-7,685,3194571000
United States,US,USA,42,en.wikipedia,Q12214,Smallpox,16829895,2023-02-06,4.5170384380250116e-7,1443,3194571000
United States,US,USA,42,en.wikipedia,Q382370,Monkeypox,242702,2023-02-06,1.4149004670736697e-7,452,3194571000
United States,US,USA,42,en.wikipedia,Q7476596,Genital herpes,5069414,2023-02-06,1.4368126424487045e-7,459,3194571000
United States,US,USA,42,en.wikipedia,Q40878,Diarrhea,53951,2023-02-06,2.263214685164299e-7,723,3194571000
United States,US,USA,42,en.wikipedia,Q167844,Conjunctivitis,44410,2023-02-06,2.497987992753957e-7,798,3194571000
United States,US,USA,42,en.wikipedia,Q199615,Encephalitis,37636,2023-02-06,1.799928691520708e-7,575,3194571000
United States,US,USA,42,en.wikipedia,Q101971,Wart,34049,2023-02-06,1.4399429532165668e-7,460,3194571000
United States,US,USA,42,en.wikipedia,Q38933,Fever,46253,2023-02-06,1.583937248538223e-7,506,3194571000
United States,US,USA,42,en.wikipedia,Q40878,Diarrhea,53951,2023-02-06,6.15411134169243e-7,1728,2807879000
United States,US,USA,42,en.wikipedia,Q12214,Smallpox,16829895,2023-02-06,1.287804780761564e-6,3616,2807879000
United States,US,USA,42,en.wikipedia,Q199615,Encephalitis,37636,2023-02-06,5.716058277440018e-7,1605,2807879000
United States,US,USA,42,en.wikipedia,Q38933,Fever,46253,2023-02-06,1.777142106194747e-7,499,2807879000
United States,US,USA,42,en.wikipedia,Q152234,Edema,70426,2023-02-06,4.184653256069795e-7,1175,2807879000
United States,US,USA,42,en.wikipedia,Q6473911,Herpes simplex,21323216,2023-02-06,8.155622090553047e-7,2290,2807879000
United States,US,USA,42,en.wikipedia,Q182155,Shingles,443800,2023-02-06,4.458881597105858e-7,1252,2807879000
United States,US,USA,42,en.wikipedia,Q167844,Conjunctivitis,44410,2023-02-06,8.162744904605932e-7,2292,2807879000
United States,US,USA,42,en.wikipedia,Q186235,Myocarditis,452461,2023-02-06,8.57942952669969e-7,2409,2807879000
United States,US,USA,0,en.wikipedia,Q6473911,Herpes simplex,21323216,2022-01-03,4.40478637305115e-7,1273,2890038000
United States,US,USA,0,en.wikipedia,Q186235,Myocarditis,452461,2022-01-03,1.3390827387044738e-6,3870,2890038000
United States,US,USA,0,en.wikipedia,Q655331,Herpes simplex virus,4774419,2022-01-03,4.48090993959249e-7,1295,2890038000
United States,US,USA,0,en.wikipedia,Q40878,Diarrhea,53951,2022-01-03,3.799258002835949e-7,1098,2890038000
United States,US,USA,0,en.wikipedia,Q1292082,Sore throat,310094,2022-01-03,2.705846774333071e-7,782,2890038000
United States,US,USA,0,en.wikipedia,Q12214,Smallpox,16829895,2022-01-03,1.3127855066265563e-6,3794,2890038000
United States,US,USA,0,en.wikipedia,Q167844,Conjunctivitis,44410,2022-01-03,1.6781786260249864e-7,485,2890038000
United States,US,USA,0,en.wikipedia,Q199615,Encephalitis,37636,2022-01-03,2.425573642976321e-7,701,2890038000
United States,US,USA,0,en.wikipedia,Q38933,Fever,46253,2022-01-03,1.9549915952662213e-7,565,2890038000
United States,US,USA,0,en.wikipedia,Q382370,Monkeypox,242702,2022-01-10,9.020642635148742e-7,2607,2890038000
United States,US,USA,0,en.wikipedia,Q6473911,Herpes simplex,21323216,2022-01-10,2.5432191549038457e-7,735,2890038000
United States,US,USA,0,en.wikipedia,Q186235,Myocarditis,452461,2022-01-10,8.826873556679878e-7,2551,2890038000
United States,US,USA,0,en.wikipedia,Q655331,Herpes simplex virus,4774419,2022-01-10,1.1051757796956304e-6,3194,2890038000
United States,US,USA,0,en.wikipedia,Q40878,Diarrhea,53951,2022-01-10,7.916850920299318e-7,2288,2890038000
United States,US,USA,0,en.wikipedia,Q12214,Smallpox,16829895,2022-01-10,4.370184751895996e-6,12630,2890038000
United States,US,USA,0,en.wikipedia,Q167844,Conjunctivitis,44410,2022-01-10,3.553586492634353e-7,1027,2890038000
United States,US,USA,0,en.wikipedia,Q199615,Encephalitis,37636,2022-01-10,6.041443053689951e-7,1746,2890038000
United States,US,USA,0,en.wikipedia,Q101971,Wart,34049,2022-01-10,2.498237047402145e-7,722,2890038000
United States,US,USA,0,en.wikipedia,Q38933,Fever,46253,2022-01-10,6.034522729458921e-7,1744,2890038000
United States,US,USA,0,en.wikipedia,Q182155,Herpes zoster,443800,2022-01-10,1.1446216278125062e-6,3308,2890038000
United States,US,USA,0,en.wikipedia,Q1292082,Sore throat,310094,2022-01-10,1.2591529938360673e-6,3639,2890038000
United States,US,USA,0,en.wikipedia,Q182155,Shingles,443800,2022-01-10,5.190243173273154e-7,1500,2890038000
United States,US,USA,0,en.wikipedia,Q182155,Shingles,443800,2022-01-17,5.847673975221087e-7,1690,2890038000
United States,US,USA,0,en.wikipedia,Q12214,Smallpox,16829895,2022-01-17,4.567760008691927e-6,13201,2890038000
United States,US,USA,0,en.wikipedia,Q40878,Diarrhea,53951,2022-01-17,1.0377026184430791e-6,2999,2890038000
United States,US,USA,0,en.wikipedia,Q167844,Conjunctivitis,44410,2022-01-17,3.595108438020538e-7,1039,2890038000
United States,US,USA,0,en.wikipedia,Q199615,Encephalitis,37636,2022-01-17,8.307849239352562e-7,2401,2890038000
United States,US,USA,0,en.wikipedia,Q38933,Fever,46253,2022-01-17,5.63314392405913e-7,1628,2890038000
United States,US,USA,0,en.wikipedia,Q182155,Herpes zoster,443800,2022-01-17,1.10067756894546e-6,3181,2890038000
United States,US,USA,0,en.wikipedia,Q1292082,Sore throat,310094,2022-01-17,5.577781330210883e-7,1612,2890038000
United States,US,USA,0,en.wikipedia,Q655331,Herpes simplex virus,4774419,2022-01-17,2.9549784466501825e-7,854,2890038000
United States,US,USA,0,en.wikipedia,Q40878,Diarrhea,53951,2022-01-24,1.2684954315479588e-6,3666,2890038000
United States,US,USA,0,en.wikipedia,Q12214,Smallpox,16829895,2022-01-24,1.5726436815017655e-6,4545,2890038000
United States,US,USA,0,en.wikipedia,Q199615,Encephalitis,37636,2022-01-24,6.390919427357011e-7,1847,2890038000
United States,US,USA,0,en.wikipedia,Q182155,Shingles,443800,2022-01-24,1.527661574000065e-6,4415,2890038000
United States,US,USA,0,en.wikipedia,Q1292082,Sore throat,310094,2022-01-24,8.574281722247251e-7,2478,2890038000
United States,US,USA,0,en.wikipedia,Q6473911,Herpes simplex,21323216,2022-01-24,4.79924485421991e-7,1387,2890038000
United States,US,USA,0,en.wikipedia,Q186235,Myocarditis,452461,2022-01-24,2.0473779237504836e-6,5917,2890038000
United States,US,USA,0,en.wikipedia,Q655331,Herpes simplex virus,4774419,2022-01-24,5.390932575973049e-7,1558,2890038000
United States,US,USA,0,en.wikipedia,Q167844,Conjunctivitis,44410,2022-01-24,1.6158957079457088e-7,467,2890038000
United States,US,USA,0,en.wikipedia,Q38933,Fever,46253,2022-01-24,1.8511867318007585e-7,535,2890038000
United States,US,USA,0,en.wikipedia,Q101971,Wart,34049,2022-01-24,1.688559112371533e-7,488,2890038000
United States,US,USA,0,en.wikipedia,Q6473911,Herpes simplex,21323216,2022-01-31,1.784751619182862e-6,5158,2890038000
United States,US,USA,0,en.wikipedia,Q186235,Myocarditis,452461,2022-01-31,5.5601345034217545e-6,16069,2890038000
United States,US,USA,0,en.wikipedia,Q655331,Herpes simplex virus,4774419,2022-01-31,1.7065519553722132e-6,4932,2890038000
United States,US,USA,0,en.wikipedia,Q40878,Diarrhea,53951,2022-01-31,1.9965135406524062e-6,5770,2890038000
United States,US,USA,0,en.wikipedia,Q1292082,Sore throat,310094,2022-01-31,3.245632064353479e-7,938,2890038000
United States,US,USA,0,en.wikipedia,Q199615,Encephalitis,37636,2022-01-31,8.56736139801622e-7,2476,2890038000
United States,US,USA,0,en.wikipedia,Q38933,Fever,46253,2022-01-31,4.899589555569857e-7,1416,2890038000
United States,US,USA,0,en.wikipedia,Q182155,Shingles,443800,2022-01-31,1.147043741293367e-6,3315,2890038000
United States,US,USA,0,en.wikipedia,Q9690,Fatigue,235562,2022-01-31,1.6228160321767398e-7,469,2890038000
United States,US,USA,0,en.wikipedia,Q86,Headache,69893,2022-01-31,4.197176646120224e-7,1213,2890038000
United States,US,USA,0,en.wikipedia,Q12214,Smallpox,16829895,2022-01-31,1.595826767675719e-6,4612,2890038000
United States,US,USA,0,en.wikipedia,Q167844,Conjunctivitis,44410,2022-01-31,3.775036868027341e-7,1091,2890038000
United States,US,USA,0,en.wikipedia,Q6473911,Herpes simplex,21323216,2022-02-07,2.826952448376112e-7,817,2890038000
United States,US,USA,0,en.wikipedia,Q186235,Myocarditis,452461,2022-02-07,8.245566321273285e-7,2383,2890038000
United States,US,USA,0,en.wikipedia,Q655331,Herpes simplex virus,4774419,2022-02-07,3.155667849350078e-7,912,2890038000
United States,US,USA,0,en.wikipedia,Q40878,Diarrhea,53951,2022-02-07,2.41865331874529e-7,699,2890038000
United States,US,USA,0,en.wikipedia,Q12214,Smallpox,16829895,2022-02-07,1.0110593701536104e-6,2922,2890038000
United States,US,USA,0,en.wikipedia,Q167844,Conjunctivitis,44410,2022-02-07,1.7889038137214804e-7,517,2890038000
United States,US,USA,0,en.wikipedia,Q6473911,Herpes simplex,21323216,2022-02-07,1.5146815513348575e-6,4268,2817754000
United States,US,USA,0,en.wikipedia,Q186235,Myocarditis,452461,2022-02-07,4.118528444995553e-6,11605,2817754000
United States,US,USA,0,en.wikipedia,Q655331,Herpes simplex virus,4774419,2022-02-07,1.5654311909414377e-6,4411,2817754000
United States,US,USA,0,en.wikipedia,Q182155,Herpes zoster,443800,2022-02-07,6.551317112849454e-7,1846,2817754000
United States,US,USA,0,en.wikipedia,Q199615,Encephalitis,37636,2022-02-07,8.148333743825756e-7,2296,2817754000
United States,US,USA,0,en.wikipedia,Q101971,Wart,34049,2022-02-07,5.092708589891098e-7,1435,2817754000
United States,US,USA,0,en.wikipedia,Q38933,Fever,46253,2022-02-07,1.8241478851595988e-7,514,2817754000
United States,US,USA,0,en.wikipedia,Q182155,Shingles,443800,2022-02-07,1.2247343096664931e-6,3451,2817754000
United States,US,USA,0,en.wikipedia,Q12214,Smallpox,16829895,2022-02-07,7.729560493925304e-7,2178,2817754000
United States,US,USA,0,en.wikipedia,Q40878,Diarrhea,53951,2022-02-07,7.16883021016029e-7,2020,2817754000
United States,US,USA,0,en.wikipedia,Q1292082,Sore throat,310094,2022-02-07,1.6183101860559865e-7,456,2817754000
United States,US,USA,0,en.wikipedia,Q6473911,Herpes simplex,21323216,2022-02-14,1.0753245315240437e-6,3030,2817754000
United States,US,USA,0,en.wikipedia,Q186235,Myocarditis,452461,2022-02-14,3.834969269851094e-6,10806,2817754000
United States,US,USA,0,en.wikipedia,Q655331,Herpes simplex virus,4774419,2022-02-14,1.7485557646267204e-6,4927,2817754000
United States,US,USA,0,en.wikipedia,Q182155,Shingles,443800,2022-02-14,2.4026227981576815e-6,6770,2817754000
United States,US,USA,0,en.wikipedia,Q199615,Encephalitis,37636,2022-02-14,1.0064753700997318e-6,2836,2817754000
United States,US,USA,0,en.wikipedia,Q40878,Diarrhea,53951,2022-02-14,4.2658088676300345e-7,1202,2817754000
United States,US,USA,0,en.wikipedia,Q101971,Wart,34049,2022-02-14,4.893968742480713e-7,1379,2817754000
United States,US,USA,0,en.wikipedia,Q38933,Fever,46253,2022-02-14,3.7086275097116356e-7,1045,2817754000
United States,US,USA,0,en.wikipedia,Q12214,Smallpox,16829895,2022-02-14,3.951374037620034e-6,11134,2817754000
United States,US,USA,0,en.wikipedia,Q167844,Conjunctivitis,44410,2022-02-14,5.149491403436922e-7,1451,2817754000
United States,US,USA,0,en.wikipedia,Q182155,Herpes zoster,443800,2022-02-14,5.830885165986811e-7,1643,2817754000
United States,US,USA,0,en.wikipedia,Q6473911,Herpes simplex,21323216,2022-02-21,4.840734854781503e-7,1364,2817754000
United States,US,USA,0,en.wikipedia,Q182155,Shingles,443800,2022-02-21,1.6935474140042034e-6,4772,2817754000
United States,US,USA,0,en.wikipedia,Q12214,Smallpox,16829895,2022-02-21,3.5624117648311387e-6,10038,2817754000
United States,US,USA,0,en.wikipedia,Q167844,Conjunctivitis,44410,2022-02-21,5.135295700050466e-7,1447,2817754000
United States,US,USA,0,en.wikipedia,Q199615,Encephalitis,37636,2022-02-21,8.900706023307926e-7,2508,2817754000
United States,US,USA,0,en.wikipedia,Q40878,Diarrhea,53951,2022-02-21,6.341930487899228e-7,1787,2817754000
United States,US,USA,0,en.wikipedia,Q1292082,Sore throat,310094,2022-02-21,3.339539221663779e-7,941,2817754000
United States,US,USA,0,en.wikipedia,Q186235,Myocarditis,452461,2022-02-21,1.1938586548009517e-6,3364,2817754000
United States,US,USA,0,en.wikipedia,Q655331,Herpes simplex virus,4774419,2022-02-21,7.353374354184219e-7,2072,2817754000
United States,US,USA,0,en.wikipedia,Q182155,Herpes zoster,443800,2022-02-21,5.774102352440986e-7,1627,2817754000
United States,US,USA,0,en.wikipedia,Q6473911,Herpes simplex,21323216,2022-02-28,9.248500756276098e-7,2606,2817754000
United States,US,USA,0,en.wikipedia,Q186235,Myocarditis,452461,2022-02-28,1.4110529166137283e-6,3976,2817754000
United States,US,USA,0,en.wikipedia,Q655331,Herpes simplex virus,4774419,2022-02-28,9.9334434446726e-7,2799,2817754000
United States,US,USA,0,en.wikipedia,Q182155,Shingles,443800,2022-02-28,2.773130656544184e-6,7814,2817754000
United States,US,USA,0,en.wikipedia,Q12214,Smallpox,16829895,2022-02-28,2.4512430822562937e-6,6907,2817754000
United States,US,USA,0,en.wikipedia,Q167844,Conjunctivitis,44410,2022-02-28,5.294997363148096e-7,1492,2817754000
United States,US,USA,0,en.wikipedia,Q199615,Encephalitis,37636,2022-02-28,6.448398263297647e-7,1817,2817754000
United States,US,USA,0,en.wikipedia,Q40878,Diarrhea,53951,2022-02-28,6.735861256873382e-7,1898,2817754000
United States,US,USA,0,en.wikipedia,Q6473911,Herpes simplex,21323216,2022-03-07,2.654596533267276e-7,748,2817754000
United States,US,USA,0,en.wikipedia,Q186235,Myocarditis,452461,2022-03-07,4.006737280827212e-7,1129,2817754000
United States,US,USA,0,en.wikipedia,Q655331,Herpes simplex virus,4774419,2022-03-07,3.5595726241538473e-7,1003,2817754000
United States,US,USA,0,en.wikipedia,Q182155,Shingles,443800,2022-03-07,6.047369642630265e-7,1704,2817754000
United States,US,USA,0,en.wikipedia,Q12214,Smallpox,16829895,2022-03-07,6.462593966684104e-7,1821,2817754000
United States,US,USA,0,en.wikipedia,Q199615,Encephalitis,37636,2022-03-07,1.8241478851595988e-7,514,2817754000
United States,US,USA,0,en.wikipedia,Q6473911,Herpes simplex,21323216,2022-03-07,1.3815622519667185e-6,4094,2963312000
United States,US,USA,0,en.wikipedia,Q186235,Myocarditis,452461,2022-03-07,2.108114164151463e-6,6247,2963312000
United States,US,USA,0,en.wikipedia,Q655331,Herpes simplex virus,4774419,2022-03-07,1.5573790407489998e-6,4615,2963312000
United States,US,USA,0,en.wikipedia,Q182155,Shingles,443800,2022-03-07,5.244132241221984e-7,1554,2963312000
United States,US,USA,0,en.wikipedia,Q12214,Smallpox,16829895,2022-03-07,1.499673338480727e-6,4444,2963312000
United States,US,USA,0,en.wikipedia,Q199615,Encephalitis,37636,2022-03-07,6.209268548165027e-7,1840,2963312000
United States,US,USA,0,en.wikipedia,Q101971,Wart,34049,2022-03-07,1.7041742482735533e-7,505,2963312000
United States,US,USA,0,en.wikipedia,Q40878,Diarrhea,53951,2022-03-07,9.62436624965579e-7,2852,2963312000
United States,US,USA,0,en.wikipedia,Q167844,Conjunctivitis,44410,2022-03-07,4.832430739658868e-7,1432,2963312000
United States,US,USA,0,en.wikipedia,Q6473911,Herpes simplex,21323216,2022-03-14,1.5725647518722296e-6,4660,2963312000
United States,US,USA,0,en.wikipedia,Q186235,Myocarditis,452461,2022-03-14,1.0727861257943817e-6,3179,2963312000
United States,US,USA,0,en.wikipedia,Q182155,Shingles,443800,2022-03-14,3.0867488809818203e-6,9147,2963312000
United States,US,USA,0,en.wikipedia,Q12214,Smallpox,16829895,2022-03-14,2.542425502275832e-6,7534,2963312000
United States,US,USA,0,en.wikipedia,Q655331,Herpes simplex virus,4774419,2022-03-14,1.77402851944041e-6,5257,2963312000
United States,US,USA,0,en.wikipedia,Q167844,Conjunctivitis,44410,2022-03-14,3.246367577899324e-7,962,2963312000
United States,US,USA,0,en.wikipedia,Q208726,Genital wart,188665,2022-03-14,1.819248192562916e-6,5391,2963312000
United States,US,USA,0,en.wikipedia,Q199615,Encephalitis,37636,2022-03-14,5.973046375137009e-7,1770,2963312000
United States,US,USA,0,en.wikipedia,Q101971,Wart,34049,2022-03-14,3.3712278693569897e-7,999,2963312000
United States,US,USA,0,en.wikipedia,Q40878,Diarrhea,53951,2022-03-14,1.6636790186116078e-7,493,2963312000
United States,US,USA,0,en.wikipedia,Q38933,Fever,46253,2022-03-14,4.494970492475986e-7,1332,2963312000
United States,US,USA,0,en.wikipedia,Q186235,Myocarditis,452461,2022-03-21,2.1499592348021405e-6,6371,2963312000
United States,US,USA,0,en.wikipedia,Q655331,Herpes simplex virus,4774419,2022-03-21,2.0355602110071433e-6,6032,2963312000
United States,US,USA,0,en.wikipedia,Q182155,Shingles,443800,2022-03-21,2.8093565577974913e-6,8325,2963312000
United States,US,USA,0,en.wikipedia,Q12214,Smallpox,16829895,2022-03-21,1.351190829720259e-6,4004,2963312000
United States,US,USA,0,en.wikipedia,Q167844,Conjunctivitis,44410,2022-03-21,3.290237410033098e-7,975,2963312000
United States,US,USA,0,en.wikipedia,Q208726,Genital wart,188665,2022-03-21,1.416995577920921e-6,4199,2963312000
United States,US,USA,0,en.wikipedia,Q6473911,Herpes simplex,21323216,2022-03-21,1.3191321062378852e-6,3909,2963312000
United States,US,USA,0,en.wikipedia,Q40878,Diarrhea,53951,2022-03-21,1.9673932410762012e-7,583,2963312000
United States,US,USA,0,en.wikipedia,Q199615,Encephalitis,37636,2022-03-21,3.388100881716134e-7,1004,2963312000
United States,US,USA,0,en.wikipedia,Q208726,Genital wart,188665,2022-03-28,8.760468016867613e-7,2596,2963312000
United States,US,USA,0,en.wikipedia,Q6473911,Herpes simplex,21323216,2022-03-28,1.3505159092258931e-6,4002,2963312000
United States,US,USA,0,en.wikipedia,Q86,Headache,69893,2022-03-28,1.5185711123229684e-7,450,2963312000
United States,US,USA,0,en.wikipedia,Q186235,Myocarditis,452461,2022-03-28,2.085166867343027e-6,6179,2963312000
United States,US,USA,0,en.wikipedia,Q655331,Herpes simplex virus,4774419,2022-03-28,1.627908232410222e-6,4824,2963312000
United States,US,USA,0,en.wikipedia,Q182155,Shingles,443800,2022-03-28,1.5074349241659331e-6,4467,2963312000
United States,US,USA,0,en.wikipedia,Q12214,Smallpox,16829895,2022-03-28,1.441967636212454e-6,4273,2963312000
United States,US,USA,0,en.wikipedia,Q167844,Conjunctivitis,44410,2022-03-28,7.191277867467212e-7,2131,2963312000
United States,US,USA,0,en.wikipedia,Q199615,Encephalitis,37636,2022-03-28,8.176661789241227e-7,2423,2963312000
United States,US,USA,0,en.wikipedia,Q101971,Wart,34049,2022-03-28,3.070888249364225e-7,910,2963312000
United States,US,USA,0,en.wikipedia,Q9690,Fatigue,235562,2022-03-28,1.548942534569428e-7,459,2963312000
United States,US,USA,0,en.wikipedia,Q40878,Diarrhea,53951,2022-03-28,8.284649068339749e-7,2455,2963312000
United States,US,USA,0,en.wikipedia,Q38933,Fever,46253,2022-03-28,1.7480440804073281e-7,518,2963312000
United States,US,USA,0,en.wikipedia,Q6473911,Herpes simplex,21323216,2022-04-04,6.65471607444643e-7,1972,2963312000
United States,US,USA,0,en.wikipedia,Q186235,Myocarditis,452461,2022-04-04,1.4922492130427036e-6,4422,2963312000
United States,US,USA,0,en.wikipedia,Q182155,Shingles,443800,2022-04-04,1.4689644559870847e-6,4353,2963312000
United States,US,USA,0,en.wikipedia,Q12214,Smallpox,16829895,2022-04-04,9.3678964617968e-7,2776,2963312000
United States,US,USA,0,en.wikipedia,Q167844,Conjunctivitis,44410,2022-04-04,3.8571706253003396e-7,1143,2963312000
United States,US,USA,0,en.wikipedia,Q199615,Encephalitis,37636,2022-04-04,1.1635629322865766e-6,3448,2963312000
United States,US,USA,0,en.wikipedia,Q655331,Herpes simplex virus,4774419,2022-04-04,9.607493237296647e-7,2847,2963312000
United States,US,USA,0,en.wikipedia,Q40878,Diarrhea,53951,2022-04-04,2.119250352308498e-7,628,2963312000
United States,US,USA,0,en.wikipedia,Q101971,Wart,34049,2022-04-04,1.6333075963651481e-7,484,2963312000
United States,US,USA,0,en.wikipedia,Q12214,Smallpox,16829895,2022-04-04,1.3158778350752309e-6,3723,2829290000
United States,US,USA,0,en.wikipedia,Q167844,Conjunctivitis,44410,2022-04-04,5.06487493328715e-7,1433,2829290000
United States,US,USA,0,en.wikipedia,Q655331,Herpes simplex virus,4774419,2022-04-04,5.26987336045439e-7,1491,2829290000
United States,US,USA,0,en.wikipedia,Q40878,Diarrhea,53951,2022-04-04,4.495827575116019e-7,1272,2829290000
United States,US,USA,0,en.wikipedia,Q199615,Encephalitis,37636,2022-04-04,2.3963609244722175e-7,678,2829290000
United States,US,USA,0,en.wikipedia,Q182155,Shingles,443800,2022-04-11,1.5615225021118372e-6,4418,2829290000
United States,US,USA,0,en.wikipedia,Q12214,Smallpox,16829895,2022-04-11,1.372782570892344e-6,3884,2829290000
United States,US,USA,0,en.wikipedia,Q6473911,Herpes simplex,21323216,2022-04-11,5.690473581711313e-7,1610,2829290000
United States,US,USA,0,en.wikipedia,Q186235,Myocarditis,452461,2022-04-11,1.0147422144778372e-6,2871,2829290000
United States,US,USA,0,en.wikipedia,Q655331,Herpes simplex virus,4774419,2022-04-11,1.345920708022154e-6,3808,2829290000
United States,US,USA,0,en.wikipedia,Q40878,Diarrhea,53951,2022-04-11,1.074474514807602e-6,3040,2829290000
United States,US,USA,0,en.wikipedia,Q9690,Fatigue,235562,2022-04-11,2.0853288280805434e-7,590,2829290000
United States,US,USA,0,en.wikipedia,Q86,Headache,69893,2022-04-11,1.618780683493032e-7,458,2829290000
United States,US,USA,0,en.wikipedia,Q167844,Conjunctivitis,44410,2022-04-11,3.9267802169448873e-7,1111,2829290000
United States,US,USA,0,en.wikipedia,Q199615,Encephalitis,37636,2022-04-11,5.983833399898915e-7,1693,2829290000
United States,US,USA,0,en.wikipedia,Q101971,Wart,34049,2022-04-11,1.611711772211403e-7,456,2829290000
United States,US,USA,0,en.wikipedia,Q38933,Fever,46253,2022-04-11,1.6011084052889597e-7,453,2829290000
United States,US,USA,0,en.wikipedia,Q6473911,Herpes simplex,21323216,2022-04-18,1.6124186633395658e-6,4562,2829290000
United States,US,USA,0,en.wikipedia,Q186235,Myocarditis,452461,2022-04-18,2.5094635049782807e-6,7100,2829290000
United States,US,USA,0,en.wikipedia,Q655331,Herpes simplex virus,4774419,2022-04-18,1.9435971568838824e-6,5499,2829290000
United States,US,USA,0,en.wikipedia,Q182155,Shingles,443800,2022-04-18,1.0274662547847691e-6,2907,2829290000
United States,US,USA,0,en.wikipedia,Q12214,Smallpox,16829895,2022-04-18,1.84286517112067e-6,5214,2829290000
United States,US,USA,0,en.wikipedia,Q167844,Conjunctivitis,44410,2022-04-18,8.182264808485521e-7,2315,2829290000
United States,US,USA,0,en.wikipedia,Q199615,Encephalitis,37636,2022-04-18,7.641493095440906e-7,2162,2829290000
United States,US,USA,0,en.wikipedia,Q38933,Fever,46253,2022-04-18,3.3011815685207245e-7,934,2829290000
United States,US,USA,0,en.wikipedia,Q40878,Diarrhea,53951,2022-04-18,1.24730939564343e-6,3529,2829290000
United States,US,USA,0,en.wikipedia,Q101971,Wart,34049,2022-04-18,1.781365642970498e-7,504,2829290000
United States,US,USA,0,en.wikipedia,Q6473911,Herpes simplex,21323216,2022-04-25,1.4505405949902626e-6,4104,2829290000
United States,US,USA,0,en.wikipedia,Q186235,Myocarditis,452461,2022-04-25,2.141526672769494e-6,6059,2829290000
United States,US,USA,0,en.wikipedia,Q655331,Herpes simplex virus,4774419,2022-04-25,1.459376734092299e-6,4129,2829290000
United States,US,USA,0,en.wikipedia,Q40878,Diarrhea,53951,2022-04-25,1.9633901084724435e-6,5555,2829290000
United States,US,USA,0,en.wikipedia,Q12214,Smallpox,16829895,2022-04-25,1.5081522219355386e-6,4267,2829290000
United States,US,USA,0,en.wikipedia,Q167844,Conjunctivitis,44410,2022-04-25,2.018174170905068e-7,571,2829290000
United States,US,USA,0,en.wikipedia,Q199615,Encephalitis,37636,2022-04-25,2.134811207051946e-7,604,2829290000
United States,US,USA,0,en.wikipedia,Q9690,Fatigue,235562,2022-04-25,1.6081773165705884e-7,455,2829290000
United States,US,USA,0,en.wikipedia,Q182155,Shingles,443800,2022-04-25,1.614185891159973e-6,4567,2829290000
United States,US,USA,0,en.wikipedia,Q1292082,Sore throat,310094,2022-04-25,5.421854953009413e-7,1534,2829290000
United States,US,USA,0,en.wikipedia,Q6473911,Herpes simplex,21323216,2022-05-02,1.069879722474543e-6,3027,2829290000
United States,US,USA,0,en.wikipedia,Q186235,Myocarditis,452461,2022-05-02,1.40353233496743e-6,3971,2829290000
United States,US,USA,0,en.wikipedia,Q655331,Herpes simplex virus,4774419,2022-05-02,1.1812150751601993e-6,3342,2829290000
United States,US,USA,0,en.wikipedia,Q40878,Diarrhea,53951,2022-05-02,1.0606901378084254e-6,3001,2829290000
United States,US,USA,0,en.wikipedia,Q1292082,Sore throat,310094,2022-05-02,3.7005750559327603e-7,1047,2829290000
United States,US,USA,0,en.wikipedia,Q182155,Shingles,443800,2022-05-02,1.0214576801953848e-6,2890,2829290000
United States,US,USA,0,en.wikipedia,Q12214,Smallpox,16829895,2022-05-02,1.6979524898472765e-6,4804,2829290000
United States,US,USA,0,en.wikipedia,Q167844,Conjunctivitis,44410,2022-05-02,7.093652471114661e-7,2007,2829290000
United States,US,USA,0,en.wikipedia,Q199615,Encephalitis,37636,2022-05-02,6.789689286004616e-7,1921,2829290000
United States,US,USA,0,en.wikipedia,Q101971,Wart,34049,2022-05-02,1.6046428609297738e-7,454,2829290000
United States,US,USA,0,en.wikipedia,Q182155,Shingles,443800,2022-05-02,4.307262784254467e-7,1212,2813852000
United States,US,USA,0,en.wikipedia,Q6473911,Herpes simplex,21323216,2022-05-09,5.092663011416379e-7,1433,2813852000
United States,US,USA,0,en.wikipedia,Q186235,Myocarditis,452461,2022-05-09,6.336509525021217e-7,1783,2813852000
United States,US,USA,0,en.wikipedia,Q655331,Herpes simplex virus,4774419,2022-05-09,5.632847783039051e-7,1585,2813852000
United States,US,USA,0,en.wikipedia,Q40878,Diarrhea,53951,2022-05-09,1.5903466138233284e-6,4475,2813852000
United States,US,USA,0,en.wikipedia,Q86,Headache,69893,2022-05-09,1.798246673954423e-7,506,2813852000
United States,US,USA,0,en.wikipedia,Q1292082,Sore throat,310094,2022-05-09,1.8160159098630635e-7,511,2813852000
United States,US,USA,0,en.wikipedia,Q167844,Conjunctivitis,44410,2022-05-09,1.046252610300755e-6,2944,2813852000
United States,US,USA,0,en.wikipedia,Q199615,Encephalitis,37636,2022-05-09,5.433832340862277e-7,1529,2813852000
United States,US,USA,0,en.wikipedia,Q101971,Wart,34049,2022-05-09,3.987416537898937e-7,1122,2813852000
United States,US,USA,0,en.wikipedia,Q12214,Smallpox,16829895,2022-05-09,8.99834106413557e-7,2532,2813852000
United States,US,USA,0,en.wikipedia,Q182155,Shingles,443800,2022-05-09,4.452970518705319e-7,1253,2813852000
United States,US,USA,0,en.wikipedia,Q182155,Shingles,443800,2022-05-16,2.3878299214031155e-6,6719,2813852000
United States,US,USA,0,en.wikipedia,Q199615,Encephalitis,37636,2022-05-16,6.915786615642898e-7,1946,2813852000
United States,US,USA,0,en.wikipedia,Q12214,Smallpox,16829895,2022-05-16,9.723325889208104e-7,2736,2813852000
United States,US,USA,0,en.wikipedia,Q167844,Conjunctivitis,44410,2022-05-16,5.778555517489904e-7,1626,2813852000
United States,US,USA,0,en.wikipedia,Q40878,Diarrhea,53951,2022-05-16,4.293047395527555e-7,1208,2813852000
United States,US,USA,0,en.wikipedia,Q1292082,Sore throat,310094,2022-05-16,1.879985159134169e-7,529,2813852000
United States,US,USA,0,en.wikipedia,Q101971,Wart,34049,2022-05-16,1.865769770407257e-7,525,2813852000
United States,US,USA,0,en.wikipedia,Q38933,Fever,46253,2022-05-16,1.6347697035949298e-7,460,2813852000
United States,US,USA,0,en.wikipedia,Q6473911,Herpes simplex,21323216,2022-05-16,5.57954007531313e-7,1570,2813852000
United States,US,USA,0,en.wikipedia,Q186235,Myocarditis,452461,2022-05-16,5.536893909132392e-7,1558,2813852000
United States,US,USA,0,en.wikipedia,Q655331,Herpes simplex virus,4774419,2022-05-16,4.989601443146263e-7,1404,2813852000
United States,US,USA,0,en.wikipedia,Q382370,Monkeypox,242702,2022-05-16,4.52760130952161e-7,1274,2813852000
United States,US,USA,0,en.wikipedia,Q40878,Diarrhea,53951,2022-05-23,4.612893641883084e-7,1298,2813852000
United States,US,USA,0,en.wikipedia,Q1292082,Sore throat,310094,2022-05-23,5.273909217684512e-7,1484,2813852000
United States,US,USA,0,en.wikipedia,Q12214,Smallpox,16829895,2022-05-23,4.09403195335078e-7,1152,2813852000
United States,US,USA,0,en.wikipedia,Q167844,Conjunctivitis,44410,2022-05-23,8.241371614427482e-7,2319,2813852000
United States,US,USA,0,en.wikipedia,Q6900886,Monkeypox virus,39680623,2022-05-23,5.536858370660575e-5,155799,2813852000
United States,US,USA,0,en.wikipedia,Q6473911,Herpes simplex,21323216,2022-05-23,1.476623504008029e-6,4155,2813852000
United States,US,USA,0,en.wikipedia,Q186235,Myocarditis,452461,2022-05-23,1.405191175655294e-6,3954,2813852000
United States,US,USA,0,en.wikipedia,Q655331,Herpes simplex virus,4774419,2022-05-23,1.2164818903055314e-6,3423,2813852000
United States,US,USA,0,en.wikipedia,Q182155,Shingles,443800,2022-05-23,5.490693895769927e-7,1545,2813852000
United States,US,USA,0,en.wikipedia,Q740335,Orthopoxvirus,2591633,2022-05-23,1.744938966228501e-7,491,2813852000
United States,US,USA,0,en.wikipedia,Q7692792,Tecovirimat,24383686,2022-05-23,2.6625423085506985e-6,7492,2813852000
United States,US,USA,0,en.wikipedia,Q182155,Herpes zoster,443800,2022-05-23,2.754942335275629e-6,7752,2813852000
United States,US,USA,0,en.wikipedia,Q199615,Encephalitis,37636,2022-05-23,5.600863158403498e-7,1576,2813852000
United States,US,USA,0,en.wikipedia,Q101971,Wart,34049,2022-05-23,1.7875851324092386e-7,503,2813852000
United States,US,USA,0,en.wikipedia,Q152234,Edema,70426,2022-05-23,4.886539874876149e-7,1375,2813852000
United States,US,USA,0,en.wikipedia,Q948421,Poxviridae,1548205,2022-05-23,8.710479442415593e-7,2451,2813852000
United States,US,USA,0,en.wikipedia,Q6900886,Monkeypox virus,39680623,2022-05-30,1.6348407805385642e-05,46002,2813852000
United States,US,USA,0,en.wikipedia,Q7692792,Tecovirimat,24383686,2022-05-30,1.6074050802956232e-6,4523,2813852000
United States,US,USA,0,en.wikipedia,Q6473911,Herpes simplex,21323216,2022-05-30,2.0615867501204755e-6,5801,2813852000
United States,US,USA,0,en.wikipedia,Q186235,Myocarditis,452461,2022-05-30,1.93826825291451e-6,5454,2813852000
United States,US,USA,0,en.wikipedia,Q655331,Herpes simplex virus,4774419,2022-05-30,2.0075682729582083e-6,5649,2813852000
United States,US,USA,0,en.wikipedia,Q40878,Diarrhea,53951,2022-05-30,2.030312894921268e-6,5713,2813852000
United States,US,USA,0,en.wikipedia,Q1292082,Sore throat,310094,2022-05-30,5.124647636051931e-7,1442,2813852000
United States,US,USA,0,en.wikipedia,Q948421,Poxviridae,1548205,2022-05-30,6.293863358840479e-7,1771,2813852000
United States,US,USA,0,en.wikipedia,Q167844,Conjunctivitis,44410,2022-05-30,8.184510059519832e-7,2303,2813852000
United States,US,USA,0,en.wikipedia,Q199615,Encephalitis,37636,2022-05-30,5.643509324584236e-7,1588,2813852000
United States,US,USA,0,en.wikipedia,Q101971,Wart,34049,2022-05-30,1.673862022593939e-7,471,2813852000
United States,US,USA,0,en.wikipedia,Q38933,Fever,46253,2022-05-30,1.7591543549554137e-7,495,2813852000
United States,US,USA,0,en.wikipedia,Q182155,Herpes zoster,443800,2022-05-30,7.800694563893196e-7,2195,2813852000
United States,US,USA,0,en.wikipedia,Q740335,Orthopoxvirus,2591633,2022-05-30,7.463079081629027e-7,2100,2813852000
United States,US,USA,0,en.wikipedia,Q113480445,ACAM2000,16057614,2022-05-30,1.617000467686289e-7,455,2813852000
United States,US,USA,0,en.wikipedia,Q9690,Fatigue,235562,2022-05-30,3.976754996353753e-7,1119,2813852000
United States,US,USA,0,en.wikipedia,Q86,Headache,69893,2022-05-30,2.306446820941542e-7,649,2813852000
United States,US,USA,0,en.wikipedia,Q12214,Smallpox,16829895,2022-05-30,2.1777975529629847e-6,6128,2813852000
United States,US,USA,0,en.wikipedia,Q382370,Monkeypox,242702,2022-05-30,8.175625441565513e-6,23005,2813852000
United States,US,USA,0,en.wikipedia,Q182155,Shingles,443800,2022-05-30,4.897201416421333e-7,1378,2813852000
